"","Estimate","Std. Error","z value","Pr(>|z|)"
"(Intercept)",-2.72302981245322,3.71775869576648,-0.732438556475979,0.463900932614937
"Nod_count",0.0696814465679438,0.10239321714439,0.680527954011665,0.496170227931156
"VarietyS",2.30426092658208,4.98773268402142,0.461985650105899,0.644091611065772
"VarietyV",-0.188426075660614,5.90336489349882,-0.0319184192507092,0.974537109685206
"Strain002",3.80690689263438,8.23193103802501,0.462456120568732,0.643754262152573
"Strain003",4.0844899960262,9.09701043889181,0.448992558980044,0.65343702443991
"Strain004",2.11320005205124,4.4079329959794,0.479408388008336,0.631648127358411
"Strain005",4.66281515011188,7.22848356617752,0.645061319905251,0.518887448783614
"Strain006",2.94738624936503,4.04221077602852,0.729152043936919,0.465908662224752
"Strain007",1.96718503313736,4.43547727611803,0.443511466901045,0.657395826941456
"Strain008",3.01543608513183,4.30360045005982,0.700677518771503,0.483504288994097
"Strain009",2.54299563548634,7.00075513069344,0.36324590533628,0.71642119862659
"Strain010",4.95189581434106,16.7365260469981,0.295873576179165,0.767326631228831
"Strain011",2.63762754697288,5.08229666302063,0.51898338917611,0.603772324812277
"Strain012",-0.814969143456072,8.38547519173964,-0.0971881884832098,0.922576947864382
"Strain013",-0.418005609340025,9.1019089918328,-0.0459250482195662,0.96336998964437
"Strain014",1.64556089639373,5.49668640421493,0.299373254244938,0.764655266926266
"Strain015",7.54949463839675,10.0573685113762,0.750643135911474,0.452867453589802
"Strain016",3.10139733150407,5.18319591983079,0.598356183998021,0.549602295302968
"Strain017",1.56262197067377,5.82900765979636,0.268076842899253,0.788640170340643
"Strain018",4.08822890230439,5.81958905217238,0.702494431420084,0.482370873255298
"Strain019",-0.952846671309433,7.47715021389112,-0.127434469557563,0.898596535864668
"Strain020",3.06094207263482,4.46346894275232,0.685776491758749,0.492854062685503
"Strain021",2.86660203375888,10.8241810784606,0.264833155781477,0.791137993930948
"Strain022",-0.238639509076672,7.08576995941337,-0.0336786983550943,0.973133365585014
"Strain023",4.29377476505398,15.4716878555796,0.27752465051869,0.781377280510412
"Strain024",1.28001090906331,4.73847666813415,0.270131309851386,0.787059235401177
"Strain025",3.03145895107351,5.83347022918625,0.519666481866384,0.603296052393112
"Strain026",4.06618285071347,4.37982181307058,0.928390017735169,0.353205294676888
"Strain028",3.34509131406898,8.99624194041038,0.371832075685193,0.710017880292566
"Strain029",-2.62986134727642,12.2190883816322,-0.21522565883308,0.82959138680689
"Strain030",2.83866337321257,4.37112335575204,0.649412780693347,0.516071605199491
"Strain031",4.58471719090382,4.40018134874078,1.04193823561746,0.297440315549375
"Strain032",3.21182328284496,5.17681267511411,0.620424860703341,0.534978109125269
"Strain033",1.95269554635363,4.9515505681158,0.39436041690203,0.693314963483793
"Strain034",4.15058358368926,4.56858248019982,0.908505778691275,0.363611062065118
"Strain035",2.12337401846999,6.26279847619668,0.339045560309884,0.734575408478396
"Strain037",2.6924533929793,4.90979610071887,0.548383952764369,0.583428292776976
"Strain038",2.00798337239506,5.23679964953767,0.383437119381174,0.701395685259768
"Strain039",6.48148832167103,9.18172418823211,0.705911895064124,0.480242929786159
"Strain041",3.73794994518316,5.91701973969832,0.631728489953245,0.527564308184019
"Strain042",1.7960013569284,7.50369757834974,0.239348846108933,0.810835092149144
"Strain043",4.88820129527442,5.33792408697205,0.915749496551432,0.359798297790226
"Strain044",4.61750171832619,4.61090065556229,1.00143162112069,0.316618182991569
"Strain045",4.54113560931018,5.65706584323788,0.802736919659224,0.422126808865986
"Strain046",5.10920418974647,5.16589569331395,0.989025813347171,0.322650512272762
"Strain047",2.53678834655714,4.44864842278595,0.570237992636982,0.568516290863205
"Strain048",2.39798926451587,5.380474848815,0.445683574758092,0.655825830942935
"Strain049",3.96987502758936,6.41225595789884,0.61910738648839,0.535845617606027
"Strain050",3.0399688100433,7.31722935148887,0.415453536306709,0.677809922258895
"Strain052",2.11787200147918,4.55233210801094,0.46522792081717,0.641768245989071
"Strain053",0.918272254473793,7.6070167174513,0.120713847304579,0.903917690643042
"Strain054",1.82616184836626,4.20027356676309,0.434772121229612,0.663727842771142
"Strain055",4.31644760125054,4.72451364613394,0.91362792544428,0.360912387647637
"Strain056",3.43997420471769,4.26365294187787,0.806813840528633,0.419773743917537
"Strain057",4.16754592279651,4.38057672927505,0.951369232947142,0.341416973070885
"Strain058",5.07433649769791,5.15718783267486,0.983934784292319,0.325147579440665
"Strain059",1.33159559368925,11.6764426553226,0.114041205270875,0.909205129414316
"Strain060",2.20180839223676,4.58465144086225,0.48025644274991,0.631045056778203
"Strain062",2.95085622719465,4.91768514591211,0.600049848585281,0.5484730144469
"Strain063",4.07205203350715,5.55465007531588,0.733088849575386,0.463504240480286
"Strain064",1.35096217213597,5.27490019742136,0.256111418524353,0.797864805257727
"Strain065",3.84762154807618,4.64276455066024,0.828735014686242,0.407254367795187
"Strain067",2.8414646632711,10.1362035570496,0.280328295231886,0.779225644235687
"Strain068",4.31709545743043,5.66031617944112,0.76269510758261,0.445645248999701
"Strain069",2.33994139267855,5.1337164731514,0.455798719098748,0.648534725301321
"Strain070",3.32107796450603,4.30950968092014,0.770639402252586,0.440920699355875
"Strain071",3.20214509581026,5.10853128822848,0.626823036826438,0.530775241083768
"Strain072",2.88514933323077,5.17289244377339,0.557743924620667,0.577019258908067
"Strain073",3.07185273422712,7.08479010211447,0.433584155628028,0.664590442540041
"Strain074",1.08582269049888,5.12058695553817,0.212050434828474,0.832067687576412
"Strain075",2.10954262300286,4.30622667202641,0.489881927652952,0.62421745216557
"Strain076",3.03846705426259,4.63244609865902,0.655909856164792,0.511882126178139
"Strain077",3.19423435685314,4.19579076910141,0.761294957884002,0.446480911509871
"Strain078",2.80803308907823,4.44105456222314,0.632289707261007,0.527197588014077
"Strain079",1.95252135200645,4.59958224954013,0.424499714555962,0.671201413453099
"Strain080",3.75989092409958,4.82443338627667,0.779343525561938,0.435777381548669
"Strain081",3.1336044126651,9.58413218136831,0.326957553732082,0.743699989516785
"Strain082",4.67831885949612,8.02787714066207,0.582759150087129,0.560055448032286
"Strain083",4.46197518385359,5.67020007705338,0.786916708973051,0.431330625547344
"Strain084",3.96617213075064,4.3743371083172,0.906691009984007,0.364570218807438
"Strain085",3.62363227802382,4.42079262686539,0.819679316329568,0.412398944218203
"Strain086",4.57884733556347,5.82265994355697,0.78638412339882,0.431642481936807
"Strain087",3.64884753017135,4.69232594224184,0.777620219713052,0.436792937336549
"Strain088",2.35400515668332,4.39234573767312,0.535933484582743,0.592004521516157
"Strain089",2.16709672783799,6.98180409584149,0.310392084637373,0.756262812658246
"Strain090",5.15189395715132,4.94731702043093,1.0413510870388,0.297712634706821
"Strain091",-0.369546069690039,6.08138381443714,-0.0607667729855729,0.951544952715412
"Strain092",2.8686859951981,4.40503101894605,0.651229465322691,0.51489837242448
"Strain093",2.77622077806567,4.36593501897437,0.635882294628803,0.524853143587148
"Strain094",3.22299211509721,4.85829860163882,0.663399346020028,0.507074824640023
"Strain095",0.220155258959663,4.41934496192504,0.0498162648212383,0.960268805322545
"Strain096",3.71598867178637,7.32113109027216,0.5075702956233,0.611754726622468
"Strain097",3.03829685126675,5.39533247955934,0.563134313367634,0.573343427575766
"Strain098",0.280228064256105,4.87534973668475,0.057478556286438,0.954163987467776
"Strain099",7.2693358303364,6.552605940928,1.10938089301718,0.26726590146227
"Strain100",0.63952177134545,4.60060023295364,0.139008333470189,0.889443563829412
"Strain101",4.16418984385874,6.25921584796162,0.665289382090066,0.505865420537868
"Strain102",3.30560709133734,4.81242710580295,0.686889799816678,0.492152175195085
"Strain103",3.11236370021268,4.03954251825978,0.770474301519043,0.441018593380271
"Strain104",7.53482393777277,15.9402778981321,0.472690876904707,0.636433736319553
"Strain105",2.75282712207015,5.91222128720166,0.465616388214234,0.64149011032422
"Strain106",1.2511963797203,11.5519732141171,0.10831018705889,0.91374964205181
"Strain107",2.38438773207511,4.63420483448254,0.514519279409744,0.606888984707607
"Strain108",3.75988983164694,6.45596192654929,0.582390335386721,0.560303789908299
"Strain109",5.12112624715846,11.7787099699862,0.434778193894563,0.663723434460801
"Strain110",2.8713667012372,4.01555221389076,0.715061478046396,0.47457105588788
"Strain111",2.68556596403648,4.38708286430713,0.612153006246127,0.540436530254289
"Strain112",10.6289510102956,14.7497152120009,0.720620761656979,0.47114287646606
"Strain113",0.292272431270001,5.45610187598669,0.053567993764256,0.95727935715945
"Strain114",1.68490676486202,4.9798888007439,0.338342246640191,0.735105290737172
"Strain115",3.67037415847984,6.77165893260539,0.542019938542249,0.58780477049069
"Strain116",2.16991334867004,5.94477556410669,0.365011820088133,0.715102582959217
"Strain117",4.40197223654672,6.1373943352859,0.717237967135065,0.473227276063717
"Strain118",-1.65637805713806,12.4345316808406,-0.1332079164421,0.894028950229477
"Strain119",3.07445371058366,4.75758050262647,0.646222109933058,0.518135522634371
"Strain120",2.93884402200305,4.38378362634501,0.670389844138662,0.50260930703926
"Strain121",5.06650457624563,6.17890428536234,0.819968127398906,0.412234277109365
"Strain122",1.29436101424957,4.75939703639927,0.271959032698986,0.785653519624864
"Strain123",3.79273850721891,4.32714037844546,0.876499992029717,0.38075828072069
"Repb",0.0591299710432719,0.25985141046944,0.227553011686369,0.819993752808505
"Repc",0.165044433283801,0.280702058319771,0.587970156940514,0.55655232415806
"Repd",0.199494700974983,0.278183086039793,0.717134545507365,0.473291081901636
"Nod_count:VarietyS",-0.0675791957048843,0.125457654828389,-0.538661397722797,0.590120514206537
"Nod_count:VarietyV",-0.00843056028630494,0.14192280300545,-0.0594024364497735,0.952631572482143
"Nod_count:Strain002",-0.109135594256899,0.261081472642514,-0.418013553977203,0.675937207428728
"Nod_count:Strain003",-0.119715104332441,0.247879853504382,-0.482956168643712,0.629126858508432
"Nod_count:Strain004",-0.0543519696997263,0.118637733060103,-0.458133919940895,0.646856230802175
"Nod_count:Strain005",-0.175209675748664,0.282690441653753,-0.619793420406006,0.535393801025042
"Nod_count:Strain006",-0.0763181874591836,0.104499518312182,-0.730320949721422,0.465194025521223
"Nod_count:Strain007",-0.0717742415727317,0.11393239048858,-0.629972225325385,0.528712756414326
"Nod_count:Strain008",-0.0830316568477063,0.113872675301219,-0.729162256248647,0.465902416060241
"Nod_count:Strain009",-0.0499265988177006,0.254417830067993,-0.196238600118387,0.844423416848887
"Nod_count:Strain010",-0.156322162293862,0.463224207339922,-0.337465442904088,0.735766058404932
"Nod_count:Strain011",-0.0627776775959266,0.136874232401065,-0.458652271466093,0.646483893505261
"Nod_count:Strain012",-0.0295532283368557,0.181368086845006,-0.162946132646321,0.870560847595862
"Nod_count:Strain013",-0.0358637253694359,0.149875031938661,-0.239290860562511,0.8108800517996
"Nod_count:Strain014",-0.0730220335270252,0.124096183909584,-0.588430934993366,0.556243078744499
"Nod_count:Strain015",-0.207919254669373,0.239856314622405,-0.866849200933864,0.386024640105576
"Nod_count:Strain016",-0.100524768390946,0.135366376015326,-0.742612540499452,0.457716293911596
"Nod_count:Strain017",-0.0421868262348958,0.165297528195173,-0.25521752621179,0.798555095235669
"Nod_count:Strain018",-0.14204521993455,0.175476171000776,-0.809484382548569,0.418236582459492
"Nod_count:Strain019",-0.0453414328706507,0.142059466904644,-0.319172202026393,0.749595935005737
"Nod_count:Strain020",-0.0988559205983496,0.118211348403915,-0.836264216025775,0.403006279410396
"Nod_count:Strain021",-0.0955504965432343,0.427911727511837,-0.22329487695705,0.823306014214529
"Nod_count:Strain022",0.0251101894652557,0.243100580068235,0.103291359725294,0.917731732880833
"Nod_count:Strain023",-0.125207148375501,0.395269209777402,-0.316764233788946,0.751422504973102
"Nod_count:Strain024",-0.0478630525257494,0.128888461938593,-0.371352499718345,0.710374999819838
"Nod_count:Strain025",-0.0928203044524311,0.12007302412558,-0.773032120481567,0.439503371391653
"Nod_count:Strain026",-0.123436214882706,0.136807165553817,-0.902264251898041,0.366916510581801
"Nod_count:Strain028",-0.112142142178565,0.199267816559848,-0.562770968812642,0.57359085130676
"Nod_count:Strain029",-0.00183216197119606,0.228450744888207,-0.00801994308266594,0.993601079831774
"Nod_count:Strain030",-0.0831793363642647,0.114907304240847,-0.723882062274474,0.469138143310196
"Nod_count:Strain031",-0.126098343880038,0.132806987219368,-0.949485765171014,0.342373608470344
"Nod_count:Strain032",-0.0862244296875233,0.116952399055036,-0.737260888910432,0.460963711713295
"Nod_count:Strain033",-0.0703500049995918,0.112169400684006,-0.627176436448795,0.530543587333615
"Nod_count:Strain034",-0.107484778929098,0.117038278288546,-0.918372864851146,0.358423691851745
"Nod_count:Strain035",-0.0838218492427679,0.125608877196939,-0.667324245812227,0.504565042506026
"Nod_count:Strain037",-0.0768571068922259,0.115216879146058,-0.667064647661526,0.504730840358826
"Nod_count:Strain038",-0.0672296350949414,0.146071372518769,-0.460251957215662,0.645335380985576
"Nod_count:Strain039",-0.146636985431711,0.185442155598058,-0.790742455289096,0.429094296002796
"Nod_count:Strain041",-0.111043581877938,0.206394609811425,-0.538015900606096,0.590566071181179
"Nod_count:Strain042",-0.0640012570916561,0.172928891566335,-0.370101586333856,0.711306800185634
"Nod_count:Strain043",-0.141819705736364,0.150398472655212,-0.942959747081247,0.345701492513803
"Nod_count:Strain044",-0.15718874205421,0.141174669020276,-1.11343446487297,0.26552187983541
"Nod_count:Strain045",-0.136517186035791,0.180873573466437,-0.754765792588948,0.450389522149841
"Nod_count:Strain046",-0.120652762633763,0.122140289469444,-0.987821161697403,0.323240241719822
"Nod_count:Strain047",-0.0765675813149584,0.109196640889827,-0.701189896420077,0.483184514334624
"Nod_count:Strain048",-0.0846330630121107,0.157738003836932,-0.536541993390531,0.591584021479361
"Nod_count:Strain049",-0.116706236037819,0.174020555105492,-0.670646269155222,0.502445899437707
"Nod_count:Strain050",-0.0589078515881803,0.323243101520354,-0.182240088995282,0.855394313259654
"Nod_count:Strain052",-0.0681142557344068,0.113099247543958,-0.602252068104458,0.547006361342673
"Nod_count:Strain053",-0.0549177242654649,0.142347166165828,-0.385801317614489,0.699643819395024
"Nod_count:Strain054",-0.0761403320492318,0.10433507983323,-0.729767324383467,0.46553242077192
"Nod_count:Strain055",-0.137571333329473,0.14448636143031,-0.95214061706321,0.34102567234632
"Nod_count:Strain056",-0.0742949696527787,0.133182066579083,-0.557845148082775,0.576950130079555
"Nod_count:Strain057",-0.110033733901429,0.128152403402851,-0.858616233325989,0.390552279001089
"Nod_count:Strain058",-0.14060951647181,0.129691622284725,-1.08418349616382,0.278283447691813
"Nod_count:Strain059",-0.0575724806308181,0.3635756871959,-0.158350744173378,0.874180424437936
"Nod_count:Strain060",-0.0649513387473225,0.119378565505499,-0.544078733667901,0.586387294025654
"Nod_count:Strain062",-0.112536117405407,0.161321229559428,-0.697590253389128,0.485433478671637
"Nod_count:Strain063",-0.111489435625362,0.135876883086076,-0.820518053499471,0.411920841738241
"Nod_count:Strain064",-0.0415666154279336,0.183770132896161,-0.226188090376039,0.82105513310668
"Nod_count:Strain065",-0.0975067913406369,0.114512117549911,-0.851497583198018,0.394493005276275
"Nod_count:Strain067",-0.0884397340043274,0.186595073738117,-0.473966071196772,0.635524102152438
"Nod_count:Strain068",-0.136244251604536,0.164850112964625,-0.826473510720448,0.408535538452436
"Nod_count:Strain069",-0.0881642686231254,0.136089621354329,-0.647839767248505,0.517088591592349
"Nod_count:Strain070",-0.0933518797995791,0.112058670168988,-0.833062534641911,0.404809461888249
"Nod_count:Strain071",-0.0952447215289002,0.139757693411067,-0.681498951537204,0.495555829956859
"Nod_count:Strain072",-0.0845704377936414,0.136806362466986,-0.618176203713112,0.536459194362775
"Nod_count:Strain073",-0.082464983182563,0.170174884169459,-0.484589624285832,0.627967475179122
"Nod_count:Strain074",-0.0559431454324842,0.121565327996408,-0.460189976488502,0.645379865025103
"Nod_count:Strain075",-0.0693174510725068,0.110030952822504,-0.629981376098104,0.52870676928778
"Nod_count:Strain076",-0.0778567816600312,0.107630758552323,-0.723369255287582,0.469453054646015
"Nod_count:Strain077",-0.101324722175493,0.111725294014777,-0.90690942520224,0.364454696545934
"Nod_count:Strain078",-0.0864608425131919,0.114557295544765,-0.754738858856931,0.450405685762603
"Nod_count:Strain079",-0.0920356187037514,0.115436510527779,-0.797283444232346,0.42528643324806
"Nod_count:Strain080",-0.101539064040823,0.163957207254349,-0.61930222977819,0.535717275815637
"Nod_count:Strain081",-0.122626837226039,0.217238587654075,-0.56447999662614,0.572427509884618
"Nod_count:Strain082",-0.143373994703236,0.179014313251998,-0.800907995001544,0.423184911299094
"Nod_count:Strain083",-0.125090074375316,0.157546386847811,-0.793988849113705,0.427201922981373
"Nod_count:Strain084",-0.104272352799981,0.113131135606639,-0.921694564814934,0.356687916420964
"Nod_count:Strain085",-0.0948404699869669,0.108737395982317,-0.872197362555841,0.383100718099885
"Nod_count:Strain086",-0.130131806099863,0.157806934122092,-0.824626666906679,0.409583576890794
"Nod_count:Strain087",-0.0882304846852417,0.127337672847021,-0.692885952072006,0.488381126262076
"Nod_count:Strain088",-0.0649343182706745,0.120771798675833,-0.537661266807547,0.590810924461725
"Nod_count:Strain089",-0.0748282652544745,0.158134473820785,-0.473193880160995,0.63607486350946
"Nod_count:Strain090",-0.193026493057528,0.184302541409518,-1.04733495035549,0.294945121905446
"Nod_count:Strain091",-0.0210760852764412,0.1842883621361,-0.114364711000449,0.908948686954764
"Nod_count:Strain092",-0.109314424201183,0.147951368005316,-0.73885375765674,0.459995804522423
"Nod_count:Strain093",-0.0854554661528334,0.123942573406246,-0.689476293773056,0.490523586478836
"Nod_count:Strain094",-0.120592967932143,0.150371438953427,-0.801967240397907,0.42257190847283
"Nod_count:Strain095",-0.0376762433032063,0.109421783874695,-0.344321230828693,0.730604719461624
"Nod_count:Strain096",-0.118870430701295,0.210680608425669,-0.564221033865269,0.572603714721526
"Nod_count:Strain097",-0.126986927120539,0.202383910948538,-0.627455643708898,0.530360603041796
"Nod_count:Strain098",-0.0387326818132071,0.131825441616977,-0.293817956064551,0.768897013437996
"Nod_count:Strain099",-0.187434316308838,0.161893137000137,-1.15776567050325,0.246959676357386
"Nod_count:Strain100",-0.0624252623732874,0.107823209793527,-0.578959414144941,0.562616558834139
"Nod_count:Strain101",-0.110770861101345,0.135537252159108,-0.817272442348991,0.413772751587823
"Nod_count:Strain102",-0.107028458947709,0.120107356068776,-0.891106610376317,0.372871978950912
"Nod_count:Strain103",-0.0967661259801709,0.112814901609168,-0.857742413457077,0.391034714397417
"Nod_count:Strain104",-0.167430270577955,0.268769337575592,-0.622951531927872,0.533316372704384
"Nod_count:Strain105",-0.0898365997694057,0.150182269256804,-0.598183795024362,0.549717302942248
"Nod_count:Strain106",-0.0707222847955972,0.264390175797777,-0.267492105492188,0.789090291703421
"Nod_count:Strain107",-0.0810590718307765,0.129853439848446,-0.624235075523466,0.53247321478803
"Nod_count:Strain108",-0.0916142246956361,0.163107378410994,-0.561680443816519,0.574333760817409
"Nod_count:Strain109",-0.265162130624414,0.556797090918492,-0.476227579039615,0.633912253480596
"Nod_count:Strain110",-0.136915714292447,0.144464905175715,-0.94774377296628,0.3432599109816
"Nod_count:Strain111",-0.0722684915651853,0.136111230154713,-0.530951718554305,0.595452237076521
"Nod_count:Strain112",-0.355543521160338,0.511447816456119,-0.69517066985238,0.486948350874957
"Nod_count:Strain113",-0.0658770391708042,0.120510031811791,-0.546651910885636,0.584617898118393
"Nod_count:Strain114",-0.074899884445279,0.127318047075538,-0.588289611455009,0.556337917354168
"Nod_count:Strain115",-0.115089836443736,0.175988060956414,-0.653963887199371,0.513135072004788
"Nod_count:Strain116",-0.0847686255623639,0.140788102615197,-0.602100774055135,0.547107059320202
"Nod_count:Strain117",-0.12178958477324,0.199284018858734,-0.611135732161104,0.541109725948559
"Nod_count:Strain118",-0.077253799294299,0.36470074627596,-0.211827916677316,0.832241288342435
"Nod_count:Strain119",-0.089151612733694,0.151684994408533,-0.587741807166382,0.556705609301364
"Nod_count:Strain120",-0.0784120641392118,0.119303097663727,-0.657250865021353,0.511019624402621
"Nod_count:Strain121",-0.193558311184369,0.293470811160099,-0.659548765409504,0.509543442150398
"Nod_count:Strain122",-0.0563342118839382,0.11875103468973,-0.47438922979599,0.635222371884038
"Nod_count:Strain123",-0.105256071724776,0.1137612993669,-0.925236194650932,0.354843060019137
"VarietyS:Strain002",-0.52963669093264,3.12292657803816,-0.169596267378582,0.865327658224784
"VarietyV:Strain002",0.749851644830502,10.2608468574944,0.073078923722833,0.941743313238846
"VarietyS:Strain003",-4.16566812845195,10.1040174225521,-0.412278399199333,0.680135379295138
"VarietyV:Strain003",-0.183618051463312,10.7202083151454,-0.0171282167347344,0.986334328512774
"VarietyS:Strain004",-2.24850944952474,3.87070071277368,-0.580905013426754,0.561304473276461
"VarietyV:Strain004",1.03070768799986,6.71533787938327,0.153485603630493,0.878015342429608
"VarietyS:Strain005",-4.52598023804768,38.3626923093445,-0.117978691421124,0.906084541735283
"VarietyV:Strain005",-4.61893155689051,10.3785912096442,-0.445044174453889,0.656287830926583
"VarietyS:Strain006",2.80189930239496,13.1787833407703,0.212606826437985,0.83163364644983
"VarietyV:Strain006",-0.00870734812825046,7.42402120607465,-0.00117286143001932,0.999064192187577
"VarietyS:Strain007",-1.52707647350356,8.15361197703003,-0.187288342614974,0.851434562516605
"VarietyV:Strain007",1.35302369512663,8.65993147282282,0.156239538311912,0.87584421233418
"VarietyS:Strain008",-2.17600998598567,6.50612979983612,-0.334455360242042,0.73803597061686
"VarietyV:Strain008",0.566297465548911,6.65966307704878,0.085033951267076,0.932234399241033
"VarietyS:Strain009",-2.61230637441241,9.08691160936689,-0.287480112794276,0.77374472725968
"VarietyV:Strain009",1.29334461751676,9.48276387551211,0.136388993177046,0.891513774541797
"VarietyS:Strain010",-3.24599197914664,17.8346596124921,-0.18200470598682,0.855579032743716
"VarietyV:Strain010",-1.43586266522631,17.8617213805927,-0.0803876980628766,0.935928910763377
"VarietyS:Strain011",-2.02138255703786,8.31379142063814,-0.243136068102453,0.8078999910755
"VarietyV:Strain011",1.3119754718492,8.1210785595042,0.161551875435779,0.87165875719427
"VarietyS:Strain012",-27.8500219316475,205.479629973909,-0.13553665604315,0.892187584303516
"VarietyV:Strain012",5.26151151644652,10.6710983227094,0.493061853366056,0.621968883524909
"VarietyS:Strain013",2.7146792186829,10.1611936074589,0.267161450077102,0.78934485604792
"VarietyV:Strain013",3.78389997300924,10.4184255379843,0.363193071660744,0.716460662798913
"VarietyS:Strain014",-3.17488617791312,7.11381419512713,-0.446298721168158,0.655381479899987
"VarietyV:Strain014",1.41701045366348,8.84674099724189,0.160173159144735,0.872744672290109
"VarietyS:Strain015",-11.3840232021085,19.1836286517608,-0.59342387244676,0.55289751645588
"VarietyV:Strain015",-5.36333757577016,11.1749148180371,-0.479944381062608,0.631266942243235
"VarietyS:Strain016",-4.22375242964587,8.89119733714865,-0.475048777963622,0.634752206472104
"VarietyV:Strain016",-1.49715930866181,8.5299718182369,-0.175517497661705,0.860673023042391
"VarietyS:Strain017",-0.429422823627612,8.07498722160623,-0.0531793811981034,0.957588983785425
"VarietyV:Strain017",1.70108806730193,8.27869179352185,0.20547788342997,0.837198775905628
"VarietyS:Strain018",-4.20445661279013,8.19545170665028,-0.513023169836799,0.607935113267085
"VarietyV:Strain018",-4.28217154979095,9.07468994592013,-0.471880755740438,0.637011904908173
"VarietyS:Strain019",0.091175480723732,9.18111495161622,0.00993076344259057,0.992076527407946
"VarietyV:Strain019",3.08455443895988,10.1873162219214,0.302783811925111,0.76205462090058
"VarietyS:Strain020",-0.293181593134441,9.78931264797884,-0.029949150024846,0.976107607359305
"VarietyV:Strain020",0.578560719081794,8.86188697104044,0.0652864024301437,0.947945968535403
"VarietyS:Strain021",-3.23191513976084,17.7187951119843,-0.182400390056709,0.855268519719535
"VarietyV:Strain021",0.946504071567026,11.9914531595658,0.0789315572493385,0.937087062482862
"VarietyS:Strain022",0.808736096486637,10.0368661604275,0.0805765548289616,0.935778712100669
"VarietyV:Strain022",2.56919152929726,9.1753957051198,0.280008798733735,0.779470754397474
"VarietyS:Strain023",-3.60871530488341,15.9815062252645,-0.225805706547142,0.821352538519506
"VarietyV:Strain023",-2.45615872313929,16.5356491736429,-0.148537181537105,0.881918844772345
"VarietyS:Strain024",-0.815080684375447,6.13732536514288,-0.132807149023697,0.894345900343967
"VarietyV:Strain024",0.296877394418748,9.15686810318967,0.032421281061735,0.974136091574563
"VarietyS:Strain025",-2.62082848577111,9.41495077264101,-0.278368793322531,0.780729272466972
"VarietyV:Strain025",-2.11386797206039,16.6976232031022,-0.126596938159897,0.899259420437563
"VarietyS:Strain026",-0.805220356796548,3.16071743849735,-0.254758728821821,0.798909453292875
"VarietyV:Strain026",2.28829468436304,16.2472615617274,0.14084186899246,0.887994866041804
"VarietyS:Strain028",-6.52711670867959,13.3711105532141,-0.488150679983018,0.625443115781618
"VarietyV:Strain028",-1.2913783165259,10.8453759157682,-0.119071789355715,0.905218480542251
"VarietyS:Strain029",4.53176948234569,15.6189137780583,0.290146264121901,0.771704343660157
"VarietyV:Strain029",7.38047599863969,17.8088739794016,0.414426875454127,0.678561509918059
"VarietyS:Strain030",-2.34655766900461,6.90568613322821,-0.339800799476483,0.734006545806635
"VarietyV:Strain030",0.920680376811885,6.64986974275312,0.138450888878722,0.889884080721883
"VarietyS:Strain031",-5.61191736030755,6.98080519853101,-0.80390688476574,0.421450753623947
"VarietyV:Strain031",0.134037860277655,2.84659795913501,0.0470870358940271,0.962443859735259
"VarietyS:Strain032",-3.25933434553821,7.96111350060265,-0.409406843061776,0.682241118608331
"VarietyV:Strain032",-0.653470470746028,7.35182002346193,-0.0888855370045243,0.929172877850908
"VarietyS:Strain033",-1.39772026964243,6.52778993182174,-0.214118451151256,0.830454687515395
"VarietyV:Strain033",0.590074306046886,11.4361926028813,0.0515970941148908,0.958849734818026
"VarietyS:Strain034",-2.37667214430914,8.35188248100543,-0.284567239746772,0.775975712827986
"VarietyV:Strain034",1.10764522726119,7.40756781830066,0.149528867562266,0.881136332397822
"VarietyS:Strain035",-0.867711991806849,8.6836638579252,-0.0999246407972052,0.920404153726366
"VarietyV:Strain035",1.97903297244594,8.23365487179476,0.240358990419349,0.810051967296521
"VarietyS:Strain037",-1.97355882848163,13.59460371496,-0.145172221997898,0.884574897206089
"VarietyV:Strain037",-0.616731485410998,8.54938034532856,-0.0721375655895324,0.942492431068574
"VarietyS:Strain038",-2.36240639357371,6.93815817115989,-0.340494744468872,0.733483979921469
"VarietyV:Strain038",1.81365505595618,8.3836049965453,0.216333553012522,0.828727756720601
"VarietyS:Strain039",6.374604973694,10.3517554526092,0.6157994171015,0.538026912168176
"VarietyV:Strain039",-4.16491287550843,10.5142039572208,-0.396122511267067,0.692014652164151
"VarietyS:Strain041",-2.33509038815572,7.49344185960768,-0.311617869585763,0.755330952056201
"VarietyV:Strain041",-6.626982908506,16.4149347188725,-0.403716677647635,0.686421074137466
"VarietyS:Strain042",-31.3196250509824,41.452241807808,-0.755559257716262,0.449913491135898
"VarietyV:Strain042",0.530731960880621,13.5839529060408,0.0390705094865725,0.968834173029897
"VarietyS:Strain043",-3.47656840794352,12.2823131430065,-0.283054858434633,0.777134784776429
"VarietyV:Strain043",-1.62546653019253,7.38916528207183,-0.219979722761969,0.82588694680421
"VarietyS:Strain044",-2.36004308303289,6.46243106563398,-0.36519431450235,0.71496636202461
"VarietyV:Strain044",-5.68180948044646,10.5194274160444,-0.540125356231885,0.589110585186872
"VarietyS:Strain045",-4.05899331827887,7.15142715156988,-0.567578083681918,0.570321492263766
"VarietyV:Strain045",0.466731985148662,8.14840408075684,0.0572789445053284,0.954322992662186
"VarietyS:Strain046",-3.89210631195068,7.21728357962741,-0.539275791093636,0.589696570594698
"VarietyV:Strain046",-1.40180443241091,7.69444938367999,-0.182183852607329,0.855438444682546
"VarietyS:Strain047",-1.0643269255272,6.86649100245,-0.155003032137877,0.876818926898007
"VarietyV:Strain047",0.331281429756846,6.72276259509733,0.0492775737757626,0.96069809133555
"VarietyS:Strain048",22.8998693645708,143.574268745358,0.159498422417082,0.873276201136866
"VarietyV:Strain048",0.47018664317068,8.17048341522179,0.0575469796921332,0.954109483704918
"VarietyS:Strain049",-0.229582492119664,10.0360477320939,-0.0228757871871703,0.981749354366489
"VarietyV:Strain049",10.1153431793611,18.2734259154852,0.553554830174962,0.57988354636886
"VarietyS:Strain050",-17.9804059194972,25.9528073590533,-0.692811597248071,0.488427793271896
"VarietyV:Strain050",-0.0299133163638807,9.13336897664491,-0.00327516784226856,0.997386798816465
"VarietyS:Strain052",0.622963416072819,7.22522637051463,0.0862206087569886,0.931291048292171
"VarietyV:Strain052",0.342159896376799,7.22304812756775,0.0473705685375263,0.9622178855823
"VarietyS:Strain053",1.79117765777715,8.97266022679326,0.199626154618952,0.84177297105558
"VarietyV:Strain053",3.18149129136376,9.83270156789442,0.323562275270503,0.746269452678465
"VarietyS:Strain054",-1.75302203997129,6.33691339838595,-0.276636578372334,0.782059174884507
"VarietyV:Strain054",0.724476885437196,6.59592900062852,0.109836974498689,0.91253866702338
"VarietyS:Strain055",-2.67556506260166,6.61053223456812,-0.404742760138203,0.685666607393364
"VarietyV:Strain055",-0.0614450568353251,7.43660852248806,-0.00826251061213149,0.993407545359333
"VarietyS:Strain056",-9.84476059113434,11.0138563563099,-0.893852277771377,0.371400934026838
"VarietyV:Strain056",-1.96992514954687,7.2177183035064,-0.272929070754933,0.784907739338845
"VarietyS:Strain057",-55.5988638696887,78.5209590528994,-0.708076729325631,0.478897609822581
"VarietyV:Strain057",1.52534339218153,7.90945947347724,0.192850522503651,0.847076034855228
"VarietyS:Strain058",-4.13397453612331,7.46787453107178,-0.553567754643303,0.579874699037427
"VarietyV:Strain058",-2.63080345381794,7.75657851454614,-0.339170608391873,0.73448120945449
"VarietyS:Strain059",-0.750403587240471,12.7952924677634,-0.0586468491541748,0.953233394645071
"VarietyV:Strain059",2.16949489559679,12.8598735516302,0.168702661568688,0.86603052516086
"VarietyS:Strain060",-2.38154623595903,9.94288944564497,-0.239522550157908,0.810700412781028
"VarietyV:Strain060",1.35440593711821,7.46217191366296,0.181502912662511,0.8559728471483
"VarietyS:Strain062",-0.325726254905042,7.29654182022894,-0.0446411824848311,0.964393316487185
"VarietyV:Strain062",1.74177675204481,9.53378549328957,0.182695189992556,0.855037190072031
"VarietyS:Strain063",1.43599274619526,2.65074683489227,0.541731381998846,0.588003567666324
"VarietyV:Strain063",-0.345294707877584,7.40685348707081,-0.046618271642651,0.962817469197187
"VarietyS:Strain064",0.371010176639599,7.18839301871063,0.0516123945468617,0.958837543083992
"VarietyV:Strain064",3.20988631121634,9.04753906937839,0.354780044231063,0.722754379538844
"VarietyS:Strain065",-4.6037182249772,6.51288576721955,-0.706863038831187,0.479651595061253
"VarietyV:Strain065",-1.64834869136918,10.7007916806275,-0.154039882334436,0.877578289293666
"VarietyS:Strain067",-2.02892669780909,11.3414337846135,-0.17889507943534,0.858020086503275
"VarietyV:Strain067",0.948575442412873,14.3380068086986,0.0661581107520043,0.947251946450242
"VarietyS:Strain068",-3.1261971731028,7.33444000658564,-0.42623529135091,0.669936404002378
"VarietyV:Strain068",-0.305296333787692,9.71550486329424,-0.031423620088043,0.974931704344364
"VarietyS:Strain069",-4.03376509136458,7.22136462048801,-0.558587649752545,0.576443170651385
"VarietyV:Strain069",2.06201016319706,7.19120674569127,0.28674049239824,0.774311030412078
"VarietyS:Strain070",-0.0940898153673877,7.62690498960845,-0.0123365658147812,0.990157094270399
"VarietyV:Strain070",0.908316711404599,7.34786947314099,0.123616337324011,0.901619056392024
"VarietyS:Strain071",-0.76707077193228,10.308254528016,-0.0744132549160016,0.940681562147433
"VarietyV:Strain071",0.505405490386606,7.55069210069938,0.0669349886932607,0.946633458537399
"VarietyS:Strain072",-0.313639581032957,34.4319165313127,-0.00910897831515509,0.992732187343747
"VarietyV:Strain072",0.038518489488931,7.86089742795408,0.00490001171519624,0.996090371949801
"VarietyS:Strain073",-0.701066120208522,81.4738694410261,-0.00860479715789098,0.993134449922771
"VarietyV:Strain073",-1.30504293670515,9.59705164450114,-0.135983735947999,0.891834138358327
"VarietyS:Strain074",-1.8260849947372,8.87355542248651,-0.205789551965801,0.836955302853268
"VarietyV:Strain074",2.05161072396937,7.40114811537855,0.277201684385482,0.781625246338572
"VarietyS:Strain075",2.8785849780536,5.77489789874561,0.498465086054399,0.61815627181915
"VarietyV:Strain075",1.43883773860128,6.72921469196454,0.213819562083436,0.830687769386462
"VarietyS:Strain076",28.3232180282315,148.640962385335,0.190547864960715,0.848879839369644
"VarietyV:Strain076",-0.615869084740947,7.84409949118585,-0.0785136758442418,0.937419452053766
"VarietyS:Strain077",-5.95993496101556,8.21592935572273,-0.725412147910476,0.468199222753348
"VarietyV:Strain077",0.235479203155429,7.35123512772147,0.0320326039181413,0.974446050065128
"VarietyS:Strain078",-1.1173963613424,6.6029761298842,-0.169226170042507,0.865618745926669
"VarietyV:Strain078",-0.741592184089809,10.053961053748,-0.0737611952269652,0.941200404599551
"VarietyS:Strain079",0.536427957838216,10.7093691283015,0.050089594579442,0.96005099165344
"VarietyV:Strain079",2.07763302445007,7.03793539328932,0.295204901487316,0.767837357917385
"VarietyS:Strain080",-4.13890095801927,6.76943694095051,-0.61140992879064,0.540928231170219
"VarietyV:Strain080",0.47326276801523,4.06699370693046,0.11636673231354,0.90736190000648
"VarietyS:Strain081",-5.04777086368843,22.2900663436825,-0.226458314921933,0.820844976959321
"VarietyV:Strain081",0.0685645807602269,6.42969495668975,0.0106637377390492,0.991491729551292
"VarietyS:Strain082",-4.37553935124159,9.14759176572791,-0.47832691524723,0.632417542411447
"VarietyV:Strain082",-2.50155872247133,11.6290254921324,-0.215113357878848,0.829678939607513
"VarietyS:Strain083",-4.29614333337552,9.17681392001909,-0.468151950210469,0.639675930766184
"VarietyV:Strain083",-2.84814894448949,9.47170231640531,-0.300700850738985,0.763642619997668
"VarietyS:Strain084",-2.52730233863154,7.76469047857359,-0.325486552954757,0.744812858246739
"VarietyV:Strain084",-0.966559965172076,6.87634121755114,-0.140563118465534,0.888215086089089
"VarietyS:Strain085",-3.49427408693673,6.21079745494044,-0.562612790432761,0.57369858053723
"VarietyV:Strain085",6.30019786236049,11.6723525196544,0.53975390580022,0.589366759127265
"VarietyS:Strain086",-3.73670658153693,7.18148627834106,-0.520324962926771,0.602837099939617
"VarietyV:Strain086",-0.248238254352686,2.9797246296872,-0.0833091259103178,0.933605744094515
"VarietyS:Strain087",-1.23929205247776,9.18968719815115,-0.134856826544334,0.892725075068655
"VarietyV:Strain087",-0.291026909610043,7.39448823920675,-0.0393572753374564,0.968605542838967
"VarietyS:Strain088",-1.08927704635159,6.57539226331531,-0.165659629529445,0.868424817958137
"VarietyV:Strain088",-0.719499393271885,7.2142085569448,-0.0997336558255243,0.920555780256545
"VarietyS:Strain089",-8.59220291108587,15.3424185477595,-0.560029234265715,0.575459497414869
"VarietyV:Strain089",1.38563355305062,9.60119140484445,0.144318917790918,0.885248640449222
"VarietyS:Strain090",0.527415697082285,3.6571651813093,0.144214349348438,0.885331210251605
"VarietyV:Strain090",-0.123838014296244,7.35471908439039,-0.01683789861656,0.986565935453236
"VarietyS:Strain091",-0.914795917347792,15.3568251177808,-0.0595693387358172,0.952498639130328
"VarietyV:Strain091",3.47600094388774,9.25397891824781,0.375622310640178,0.707197701920375
"VarietyS:Strain092",-3.22023814480323,6.47239958515937,-0.497533890241718,0.618812610183555
"VarietyV:Strain092",0.041279877896374,7.4666063264541,0.00552859975356139,0.995588838085286
"VarietyS:Strain093",-2.11605243198961,6.21319194296437,-0.340574128630577,0.733424208618071
"VarietyV:Strain093",0.686130844222036,7.60199775459212,0.0902566491561467,0.928083268455351
"VarietyS:Strain094",-2.26812416348966,6.2371673853701,-0.363646511846031,0.716121989801471
"VarietyV:Strain094",-0.252330695828095,8.34483898358832,-0.0302379346473132,0.975877294879999
"VarietyS:Strain095",0.17216771478793,6.46128270568541,0.0266460581637198,0.978742037184264
"VarietyV:Strain095",6.1477984807059,13.1580377384751,0.467227606646033,0.64033704429659
"VarietyS:Strain096",-3.35915684620707,8.34282006460669,-0.402640452532094,0.687212746057247
"VarietyV:Strain096",0.852134623768551,3.01522278549266,0.282610833225486,0.777475175031576
"VarietyS:Strain097",-0.707059546617686,8.12523380196854,-0.0870202093687918,0.930655448288115
"VarietyV:Strain097",-0.444473656948946,8.22620153550606,-0.0540314572929562,0.956910101544235
"VarietyS:Strain098",-2.32052366977931,8.68414519874748,-0.267213826654349,0.789304530971364
"VarietyV:Strain098",2.18869030677299,7.05189848669978,0.310368946873097,0.756280405757105
"VarietyS:Strain099",6.32904698774602,28.6908481202087,0.220594628685378,0.825408083730209
"VarietyV:Strain099",-3.84759593720447,11.3848518249662,-0.337957489158266,0.735395223543565
"VarietyS:Strain100",0.60118228439464,7.27709724070862,0.0826129244270067,0.934159324200206
"VarietyV:Strain100",3.60599765150558,7.70245514477647,0.468162109837282,0.639668665936485
"VarietyS:Strain101",0.0721618051922681,4.39465319086868,0.0164203640328679,0.986899033790052
"VarietyV:Strain101",-1.33398430106812,8.19436134281473,-0.162792955455624,0.87068145501038
"VarietyS:Strain102",-3.19999382178096,9.17795212279045,-0.348660984386137,0.727343838229296
"VarietyV:Strain102",-3.75245113062846,15.8627780594589,-0.236556996294284,0.813000485295374
"VarietyS:Strain103",-2.05058086628444,7.14512053917216,-0.286990381063889,0.774119685382336
"VarietyV:Strain103",0.391962872661895,6.68967732800214,0.058592194128884,0.953276928185596
"VarietyS:Strain104",-8.72239907637942,16.8872738798192,-0.516507231330154,0.605500189670707
"VarietyV:Strain104",-2.71427634630859,11.1334051908232,-0.243795703092335,0.807389048376966
"VarietyS:Strain105",-2.1859947140709,7.64259164407722,-0.286027936055562,0.774856725108512
"VarietyV:Strain105",1.39720578511352,8.10106497772762,0.172471864989959,0.863066578384815
"VarietyS:Strain106",-1.56697579824244,12.8506159615014,-0.121937796829108,0.902948281424988
"VarietyV:Strain106",2.13765522769085,12.6973092054495,0.168354979240278,0.8663040238624
"VarietyS:Strain107",0.624719843074643,2.92828394148276,0.213339913600835,0.83106184351922
"VarietyV:Strain107",2.67760799463773,7.10339449994075,0.37694766842248,0.706212495567827
"VarietyS:Strain108",-1.10776905865796,8.30405772827825,-0.133400934206613,0.893876306622245
"VarietyV:Strain108",-1.11254660091072,8.31765467804714,-0.133757248163604,0.893594534350068
"VarietyS:Strain109",-4.87559341687572,12.4828497792036,-0.39058336061998,0.696105226877258
"VarietyV:Strain109",-2.12298229521915,13.0079532952938,-0.16320648199031,0.870355862748012
"VarietyS:Strain110",-1.16981321693483,8.8415573512687,-0.132308502954739,0.89474028211888
"VarietyV:Strain110",-2.08377091713206,11.1695896721363,-0.186557517178115,0.852007578245138
"VarietyS:Strain111",-0.0316011617076117,3.18883631255819,-0.00990993535264286,0.99209314500163
"VarietyV:Strain111",0.436083632844391,7.20379414683196,0.0605352712689839,0.951729324937522
"VarietyS:Strain112",-11.2690865893781,15.9209198818726,-0.707816299120318,0.479059343240578
"VarietyV:Strain112",-7.27674975256895,15.9115139905114,-0.457326044329179,0.647436712549929
"VarietyS:Strain113",-1.87914432721351,7.5792600017379,-0.24793242701565,0.804186689907971
"VarietyV:Strain113",0.889448828110303,7.69998333048815,0.115513084890525,0.908038449659016
"VarietyS:Strain114",-4.02035617734093,8.1852060022104,-0.491173487418061,0.623303748989692
"VarietyV:Strain114",1.15843042941222,7.15023287862175,0.162012965042827,0.871295644128229
"VarietyS:Strain115",-0.900375478272301,8.60167480676633,-0.104674438234289,0.91663414584657
"VarietyV:Strain115",-3.80464229037608,8.64867299855676,-0.439910526275069,0.66000191171043
"VarietyS:Strain116",8.11730614644506,27.4758420483403,0.295434299417054,0.767662134822116
"VarietyV:Strain116",-1.82167048843109,11.5837520354267,-0.15726083248846,0.875039287260253
"VarietyS:Strain117",2.44689566004799,7.10184924339807,0.344543452865131,0.730437623398945
"VarietyV:Strain117",-4.00320336441102,8.76903013849214,-0.456516091424836,0.64801890222556
"VarietyS:Strain118",-15.3448166352,8239.71125367474,-0.00186230028732579,0.998514100212054
"VarietyV:Strain118",7.01898766367141,69.5031420542572,0.100988062643155,0.919559936358956
"VarietyS:Strain119",-2.24057636153219,6.05501741309061,-0.370036320075345,0.71135542861469
"VarietyV:Strain119",-0.137070802281346,8.94187085809473,-0.0153290966126245,0.987769629468137
"VarietyS:Strain120",-4.01941131838213,6.65979124034057,-0.603534130925188,0.546153417084437
"VarietyV:Strain120",0.70770340583844,7.49607507809195,0.0944098609560056,0.924783582884525
"VarietyS:Strain121",0.937902077864213,13.0393316321532,0.0719286926909256,0.942658655718463
"VarietyV:Strain121",0.667947593750052,13.3668901052656,0.0499703063681901,0.960146050834581
"VarietyS:Strain122",0.943126637515363,13.8890396464246,0.0679043808301134,0.945861751406864
"VarietyV:Strain122",1.41636892218414,7.38164426986885,0.191877157771693,0.84783843043213
"VarietyS:Strain123",-5.83454080754832,7.53783575547042,-0.774033953089789,0.438910713002301
"VarietyV:Strain123",-2.09996558875328,7.87205805885252,-0.266761953869454,0.78965244940408
"Nod_count:VarietyV:Strain002",-0.0156204461858949,0.319018163230998,-0.0489641280223416,0.960947883323679
"Nod_count:VarietyS:Strain003",0.119679346658621,0.271050503517268,0.441538920258809,0.6588228916213
"Nod_count:VarietyV:Strain003",0.0127942256700212,0.317450429072405,0.0403030662374788,0.967851509262913
"Nod_count:VarietyV:Strain004",-0.036161033542047,0.164024283350854,-0.220461463408423,0.825511781787146
"Nod_count:VarietyS:Strain005",0.174965974362966,0.992775151879413,0.176239276367605,0.860105965597011
"Nod_count:VarietyV:Strain005",0.144303387378257,0.317256852379265,0.454847188629827,0.649219178883374
"Nod_count:VarietyS:Strain006",-0.119007791959248,0.446794481523342,-0.266359135756314,0.789962633663756
"Nod_count:VarietyV:Strain006",-0.047939937772653,0.218427745712387,-0.219477327004865,0.82627823974744
"Nod_count:VarietyS:Strain007",0.0474858533379239,0.173547599837696,0.273618611737259,0.7843777295552
"Nod_count:VarietyV:Strain007",-0.00257492218828317,0.195986397906998,-0.0131382698788365,0.989517478880769
"Nod_count:VarietyS:Strain008",0.058821410096098,0.153709139041652,0.382679978970923,0.701957060982962
"Nod_count:VarietyV:Strain008",0.00593591714427697,0.169276263295546,0.0350664471717055,0.972026756226797
"Nod_count:VarietyS:Strain009",0.048607166142834,0.283572392358774,0.171410078881503,0.863901330263907
"Nod_count:VarietyV:Strain009",-0.0228139296796891,0.320984489525633,-0.0710748663071063,0.943338171351758
"Nod_count:VarietyS:Strain010",0.10314006168209,0.486711073202641,0.211912297378836,0.832175456549534
"Nod_count:VarietyV:Strain010",0.0771149024665658,0.479827191646787,0.160713906608552,0.872318735929629
"Nod_count:VarietyS:Strain011",0.0347569435157757,0.248544307853173,0.139842041911933,0.888784795002976
"Nod_count:VarietyV:Strain011",-0.119033264916271,0.288368002078104,-0.412782500341459,0.679765973823704
"Nod_count:VarietyS:Strain012",0.349155144018096,2.47410999127217,0.141123533411933,0.887772352726573
"Nod_count:VarietyV:Strain012",-0.102232030592355,0.246774740919223,-0.414272669121425,0.678674427400495
"Nod_count:VarietyS:Strain013",0.007319983136861,0.175704337578231,0.0416607992594483,0.966769104471426
"Nod_count:VarietyV:Strain013",-0.0450216036063103,0.182163999589896,-0.247148743482066,0.804793111678758
"Nod_count:VarietyS:Strain014",0.0850910452938232,0.148378549566668,0.573472685521776,0.566324688217602
"Nod_count:VarietyV:Strain014",-0.00495482388436004,0.181071300950988,-0.0273639381742842,0.978169460639112
"Nod_count:VarietyS:Strain015",0.266518879961449,0.364127883508516,0.731937574770253,0.464206670620941
"Nod_count:VarietyV:Strain015",0.156287052910338,0.264177934033657,0.591597680109143,0.554120027720286
"Nod_count:VarietyS:Strain016",0.0992071993890207,0.216147538891042,0.458979083907266,0.646249186215393
"Nod_count:VarietyV:Strain016",0.0437547043086737,0.209641737059188,0.208711800056878,0.834673227892218
"Nod_count:VarietyS:Strain017",0.0091641956534001,0.226249339987769,0.0405048503297092,0.967690640212724
"Nod_count:VarietyV:Strain017",-0.0410524752088278,0.20929625676375,-0.196145291098862,0.844496447540273
"Nod_count:VarietyS:Strain018",0.133436754827553,0.201468603710224,0.66232034356816,0.507765941737876
"Nod_count:VarietyV:Strain018",0.142915720493414,0.245444747906666,0.582272473590512,0.560383163557103
"Nod_count:VarietyS:Strain019",0.0373757372198043,0.176925132176789,0.211251712857037,0.832690860127189
"Nod_count:VarietyV:Strain019",-0.0311238465160204,0.194067181609103,-0.160376660587111,0.872584373788043
"Nod_count:VarietyS:Strain020",0.0229139377059458,0.264638570593941,0.0865857824674574,0.931000767400782
"Nod_count:VarietyV:Strain020",-0.00994000098846578,0.272499773190295,-0.0364770982085345,0.970901939536118
"Nod_count:VarietyS:Strain021",0.100557154634732,0.566975057140624,0.17735728118599,0.859227759988266
"Nod_count:VarietyV:Strain021",0.00298684121212249,0.44543830617581,0.00670539819030205,0.994649906402096
"Nod_count:VarietyS:Strain022",-0.01927702861574,0.3066883773219,-0.062855426032356,0.949881629491516
"Nod_count:VarietyV:Strain022",-0.0942981119188278,0.270877432000301,-0.348120960917568,0.727749343187431
"Nod_count:VarietyS:Strain023",0.0976770611763832,0.40603113462572,0.240565446456272,0.8098919334874
"Nod_count:VarietyV:Strain023",0.09011358077745,0.42238960620923,0.213342325314729,0.83105996254643
"Nod_count:VarietyS:Strain024",0.0229436645026417,0.153766001481963,0.149211557051076,0.881386700874167
"Nod_count:VarietyV:Strain024",0.0245614862393178,0.308026913392318,0.0797381175846639,0.936445542509941
"Nod_count:VarietyS:Strain025",0.0760237374226529,0.187228353406457,0.406048208187846,0.684707179240749
"Nod_count:VarietyV:Strain025",0.0574612553196516,0.427580643523219,0.134386942416703,0.893096606415523
"Nod_count:VarietyV:Strain026",-0.0360301342112565,0.551194650607618,-0.0653673510284219,0.947881518568829
"Nod_count:VarietyS:Strain028",0.168521181683438,0.279627924751866,0.602662204903101,0.546733429500538
"Nod_count:VarietyV:Strain028",0.0689743053878695,0.242152148082308,0.284838709605107,0.775767714120261
"Nod_count:VarietyS:Strain029",-0.0500442583831755,0.288095264079394,-0.173707327481038,0.862095478581402
"Nod_count:VarietyV:Strain029",-0.167318664772597,0.555397245381704,-0.301259442973299,0.763216664931387
"Nod_count:VarietyS:Strain030",0.0599074965283838,0.150710617002843,0.397500174305925,0.6909986580323
"Nod_count:VarietyV:Strain030",-0.00453415648677385,0.163544920658955,-0.0277242268882752,0.97788210086557
"Nod_count:VarietyS:Strain031",0.121984413962932,0.161178724886887,0.756827019499867,0.449153502989153
"Nod_count:VarietyS:Strain032",0.0779203586217128,0.144419206405468,0.539542908184564,0.589512298299835
"Nod_count:VarietyV:Strain032",0.0142303351708865,0.161492194896529,0.0881177890981302,0.929783057721293
"Nod_count:VarietyS:Strain033",0.0479084805009212,0.13828730703843,0.346441633197813,0.729010841234369
"Nod_count:VarietyV:Strain033",-0.00725352002494117,0.229188939874745,-0.0316486477441073,0.974752247511805
"Nod_count:VarietyS:Strain034",0.0716967645235842,0.205052035820495,0.349651561549715,0.726600209919237
"Nod_count:VarietyV:Strain034",-0.0215186758774385,0.174181679089361,-0.123541557240349,0.901678268399916
"Nod_count:VarietyS:Strain035",0.0490222167107696,0.160562172134497,0.305316103158504,0.760125412554709
"Nod_count:VarietyV:Strain035",-0.017316346641276,0.167804099079623,-0.103193823847291,0.917809141599647
"Nod_count:VarietyS:Strain037",0.0498366149441743,0.226685566670785,0.219849087333168,0.825988688573662
"Nod_count:VarietyV:Strain037",0.0123645430726261,0.182386110561048,0.0677932274260954,0.945950235091632
"Nod_count:VarietyS:Strain038",0.0790610591420313,0.173864177583031,0.454728859280255,0.649304316111922
"Nod_count:VarietyV:Strain038",-0.0216126910510736,0.203120693209552,-0.106403196590003,0.915262456965396
"Nod_count:VarietyV:Strain039",0.0852917247558414,0.213459196668704,0.399569220192547,0.689473830787508
"Nod_count:VarietyS:Strain041",0.0722518053473881,0.228625097089193,0.316027445224881,0.751981676586699
"Nod_count:VarietyV:Strain041",0.270621385465353,0.640586411367965,0.42245882938329,0.672690145496299
"Nod_count:VarietyS:Strain042",0.739187222153673,0.947064555992618,0.780503522675845,0.435094554865128
"Nod_count:VarietyV:Strain042",-0.00493211695176553,0.467458414623007,-0.0105509213172324,0.99158173896855
"Nod_count:VarietyS:Strain043",0.111710854090638,0.276672048742593,0.403766316830113,0.686384567812214
"Nod_count:VarietyV:Strain043",0.0620266181967619,0.189233211575138,0.327778711149408,0.74307898490717
"Nod_count:VarietyS:Strain044",0.110724069962513,0.167869785327474,0.659583079507229,0.509521415539109
"Nod_count:VarietyV:Strain044",0.197059659756647,0.301151491377364,0.65435392285578,0.51288381285674
"Nod_count:VarietyS:Strain045",0.130266654088934,0.199597128720994,0.652647935988228,0.513983274447177
"Nod_count:VarietyV:Strain045",0.00746325711963566,0.235075137926744,0.0317483898359402,0.974672704808841
"Nod_count:VarietyS:Strain046",0.0791490604893429,0.165837224560567,0.477269567788963,0.633170178391451
"Nod_count:VarietyV:Strain046",0.0323535274026586,0.174523707030849,0.18538184842097,0.85292954452492
"Nod_count:VarietyS:Strain047",0.0468427215698739,0.155317047116837,0.301594206427557,0.762961425065514
"Nod_count:VarietyV:Strain047",0.00464808797630168,0.161914355603198,0.0287070776336392,0.977098211560088
"Nod_count:VarietyS:Strain048",-0.427740865034195,2.9034331860545,-0.147322441270108,0.882877520166176
"Nod_count:VarietyV:Strain048",-0.00213256799271179,0.216791648276798,-0.00983694717791411,0.992151378300853
"Nod_count:VarietyS:Strain049",-0.0050501435739124,0.299451992520195,-0.0168646183697436,0.986544619201452
"Nod_count:VarietyV:Strain049",-0.270089480630007,0.50332017898734,-0.536615641306924,0.591533137603867
"Nod_count:VarietyS:Strain050",0.577234451052828,0.878970197807598,0.65671674931939,0.511363062630844
"Nod_count:VarietyV:Strain050",-0.0207518710291463,0.348020805185343,-0.059628248426397,0.952451719401599
"Nod_count:VarietyS:Strain052",-0.0076561381789544,0.174015447256073,-0.0439968882054935,0.964906884319625
"Nod_count:VarietyV:Strain052",0.0022422767016161,0.155511541767556,0.0144187156537079,0.98849592800955
"Nod_count:VarietyS:Strain053",0.0263475493660773,0.165557124016471,0.159144763613168,0.873554821339868
"Nod_count:VarietyV:Strain053",-0.042652458692168,0.198788698670322,-0.214561788358523,0.83010898851106
"Nod_count:VarietyS:Strain054",0.0661857100732549,0.144849747808629,0.456926650370819,0.647723767794622
"Nod_count:VarietyV:Strain054",0.0112210917006303,0.146362282557891,0.0766665530526416,0.938888812997
"Nod_count:VarietyS:Strain055",0.107803705226131,0.169058416936636,0.637671327932383,0.523687653546315
"Nod_count:VarietyV:Strain055",0.00455552374081308,0.236080454148415,0.0192964883825121,0.984604585273043
"Nod_count:VarietyS:Strain056",0.436070221160229,0.545512918481597,0.799376525076628,0.424072118083028
"Nod_count:VarietyV:Strain056",0.0541157593738589,0.19905320936941,0.271865796815308,0.785725211192319
"Nod_count:VarietyS:Strain057",0.658922065545875,0.850914638109364,0.774369174104144,0.43871250744238
"Nod_count:VarietyV:Strain057",-0.0206387509699423,0.194910343800465,-0.105888433458774,0.915670871234578
"Nod_count:VarietyS:Strain058",0.1045432842328,0.21367255430445,0.489268659576381,0.624651506104992
"Nod_count:VarietyV:Strain058",0.0771024954756265,0.184365694358802,0.41820413360402,0.675797873803436
"Nod_count:VarietyS:Strain059",0.0352049348762867,0.377113008265282,0.0933538066963779,0.925622487110287
"Nod_count:VarietyV:Strain059",-0.0365330673625109,0.381711329869117,-0.095708627184416,0.923751988855923
"Nod_count:VarietyS:Strain060",0.0554028705033972,0.233022203425268,0.237757903277081,0.81206887076796
"Nod_count:VarietyV:Strain060",-0.0571882435111819,0.18613266120998,-0.307244538059156,0.758657247393982
"Nod_count:VarietyS:Strain062",0.0583741324853359,0.199295104897294,0.292902991849292,0.769596301936305
"Nod_count:VarietyV:Strain062",-0.0151345240129565,0.244384865836418,-0.0619290558814184,0.950619328653335
"Nod_count:VarietyV:Strain063",0.0194941501386917,0.173607035016223,0.112288941153048,0.910594310029014
"Nod_count:VarietyS:Strain064",-0.0146736952913051,0.218165838974671,-0.0672593626952235,0.946375227467305
"Nod_count:VarietyV:Strain064",-0.103948043493097,0.266148329702167,-0.390564327829597,0.696119297624586
"Nod_count:VarietyS:Strain065",0.0948539104698364,0.148947348453775,0.636828459549742,0.524236586183106
"Nod_count:VarietyV:Strain065",0.0232443307126248,0.267425257921762,0.0869189802536349,0.930735912555815
"Nod_count:VarietyS:Strain067",0.059263482837625,0.217576691895637,0.272379740317273,0.785330048887952
"Nod_count:VarietyV:Strain067",-0.0199752303385166,0.345939929143489,-0.0577419044629314,0.95395421442517
"Nod_count:VarietyS:Strain068",0.107249110881902,0.193157933773362,0.555240516331784,0.578730159322922
"Nod_count:VarietyV:Strain068",0.0284868101030632,0.272154949459987,0.104671291701977,0.916636642700312
"Nod_count:VarietyS:Strain069",0.0996209490692186,0.159434858205393,0.624837944415399,0.532077424118675
"Nod_count:VarietyV:Strain069",-0.0368546198374103,0.181739805846841,-0.202787824415688,0.839300874926223
"Nod_count:VarietyS:Strain070",0.0155383791767506,0.182009150352193,0.0853714175725965,0.931966115658792
"Nod_count:VarietyV:Strain070",-0.0362401880058442,0.205711004434306,-0.176170390619125,0.860160081813358
"Nod_count:VarietyS:Strain071",0.0250709347045914,0.262601695403373,0.0954713360326207,0.92394045677437
"Nod_count:VarietyV:Strain071",-0.00377888678955104,0.206003390743944,-0.0183438086912272,0.98536457905532
"Nod_count:VarietyS:Strain072",0.0217616797638063,0.593399144736376,0.0366729206754657,0.970745800284463
"Nod_count:VarietyV:Strain072",0.00142270064081199,0.194813841891353,0.00730287246018904,0.994173202606956
"Nod_count:VarietyS:Strain073",0.00863374712372393,2.85070868358082,0.00302863185335337,0.997583505098115
"Nod_count:VarietyV:Strain073",0.0746678179692392,0.262297841437207,0.284668061163265,0.77589846213845
"Nod_count:VarietyS:Strain074",0.0646767621504919,0.212868972167631,0.303833675203542,0.761254609696758
"Nod_count:VarietyV:Strain074",-0.0251250974558355,0.162926514282891,-0.154211225633972,0.877443191292916
"Nod_count:VarietyV:Strain075",-0.0181302210324239,0.166105666877399,-0.109148720650245,0.913084532203099
"Nod_count:VarietyS:Strain076",-0.424702394418441,2.26325507092193,-0.187651140110089,0.851150134272555
"Nod_count:VarietyV:Strain076",0.00113490659033295,0.164686084815519,0.00689133263204521,0.994501555610182
"Nod_count:VarietyS:Strain077",0.146740182493795,0.17737910606161,0.827268700084818,0.408084780273534
"Nod_count:VarietyV:Strain077",0.00738552796534183,0.163745227374328,0.0451037754429217,0.964024592118719
"Nod_count:VarietyS:Strain078",0.0381282586306706,0.155668923106272,0.244931729916582,0.80650929290533
"Nod_count:VarietyV:Strain078",0.00118967590281011,0.298155493188201,0.00399011901504417,0.996816354089963
"Nod_count:VarietyS:Strain079",0.0321636418208855,0.20799545097078,0.154636275316445,0.87710807039545
"Nod_count:VarietyV:Strain079",-0.0195152140185861,0.172078126197871,-0.113409033732421,0.909706278036641
"Nod_count:VarietyS:Strain080",0.0977989194233585,0.188611531704805,0.518520360549444,0.604095258101771
"Nod_count:VarietyS:Strain081",0.12686121370841,0.457756257322234,0.277137038935345,0.781674882267526
"Nod_count:VarietyS:Strain082",0.139041968582576,0.199626627646674,0.696510131046605,0.486109414897358
"Nod_count:VarietyV:Strain082",0.0701748789015075,0.227911502900643,0.307904068063208,0.758155330216358
"Nod_count:VarietyS:Strain083",0.115546266970826,0.244127387229806,0.473303172912993,0.635996898771807
"Nod_count:VarietyV:Strain083",0.0667722666479398,0.21312112077608,0.313306660573053,0.75404769029529
"Nod_count:VarietyS:Strain084",0.0545596063483876,0.192083144010457,0.284041614528225,0.776378489634946
"Nod_count:VarietyV:Strain084",0.0172746776176078,0.165199909336078,0.104568323838875,0.916718350782785
"Nod_count:VarietyS:Strain085",0.0812834940093422,0.139278290634209,0.583604908124697,0.55948615727577
"Nod_count:VarietyV:Strain085",-0.133153861215214,0.250788105953985,-0.530941691627293,0.595459185609957
"Nod_count:VarietyS:Strain086",0.107408264128545,0.183024353253045,0.586852308009773,0.557302902592551
"Nod_count:VarietyS:Strain087",0.0342219505015117,0.185368053471197,0.184616226262684,0.853530058001755
"Nod_count:VarietyV:Strain087",0.00328253692471138,0.16764905221252,0.0195798120024578,0.984378568435059
"Nod_count:VarietyS:Strain088",0.0469465063563307,0.146914245706293,0.319550402553779,0.749309177373503
"Nod_count:VarietyV:Strain088",0.0146960537750894,0.172365285181215,0.0852610997605395,0.932053816773998
"Nod_count:VarietyS:Strain089",0.220629779603287,0.375162587810006,0.588091101757249,0.55647114544828
"Nod_count:VarietyV:Strain089",-0.0156717258317226,0.237979375802026,-0.0658532941306639,0.947494625702384
"Nod_count:VarietyV:Strain090",0.0531464687883848,0.235273643469392,0.225892148413551,0.82128530466544
"Nod_count:VarietyS:Strain091",0.0162750537039122,0.332183470961194,0.0489941707720112,0.960923941412593
"Nod_count:VarietyV:Strain091",-0.0660982221386728,0.261784425057931,-0.252491041527951,0.800661537674809
"Nod_count:VarietyS:Strain092",0.100120461107077,0.182622895146971,0.548236085220872,0.583529807475894
"Nod_count:VarietyV:Strain092",0.0166616191428804,0.213395037861445,0.0780787562347098,0.937765405666607
"Nod_count:VarietyS:Strain093",0.0484281979404406,0.166943214866346,0.290087848009947,0.771749032170779
"Nod_count:VarietyV:Strain093",-0.00625664420046868,0.238724471890528,-0.0262086419164341,0.979090922998794
"Nod_count:VarietyS:Strain094",0.101012354997698,0.172425360255868,0.585832355796167,0.557988178135318
"Nod_count:VarietyV:Strain094",0.0221859890758011,0.217941546935661,0.101797887496644,0.91891710247429
"Nod_count:VarietyS:Strain095",0.0234242725070158,0.143685630942689,0.163024460785219,0.870499175383969
"Nod_count:VarietyV:Strain095",-0.11337063168813,0.267128607898902,-0.424404681250153,0.671270707308147
"Nod_count:VarietyS:Strain096",0.104507740088968,0.225373204900715,0.463709694925833,0.64285575026049
"Nod_count:VarietyS:Strain097",0.0755676974822366,0.234385907013909,0.322407172192961,0.74714425145941
"Nod_count:VarietyV:Strain097",0.048084992072084,0.271507305315177,0.177103861040737,0.859426809196485
"Nod_count:VarietyS:Strain098",0.0559295009365183,0.176116600092036,0.317570864457355,0.75081047766695
"Nod_count:VarietyV:Strain098",-0.0428463242044986,0.176941888332069,-0.242149129346287,0.808664611000897
"Nod_count:VarietyS:Strain099",-0.122561996198235,0.632025601744718,-0.193919353677922,0.846239029302714
"Nod_count:VarietyV:Strain099",0.0821524562841114,0.40283601176697,0.203935233902659,0.838404110952102
"Nod_count:VarietyS:Strain100",0.0422533624399073,0.152471725640686,0.277122609207436,0.78168596179124
"Nod_count:VarietyV:Strain100",-0.0354246032357891,0.174179173819551,-0.203380246093537,0.838837838490603
"Nod_count:VarietyV:Strain101",0.012235988199792,0.195598440082234,0.0625566757825253,0.950119529525163
"Nod_count:VarietyS:Strain102",0.0908169770906255,0.179229943610396,0.506706498151004,0.612360770435218
"Nod_count:VarietyV:Strain102",0.0841109321342627,0.33921741291253,0.247955821053182,0.804168589188512
"Nod_count:VarietyS:Strain103",0.077015713715879,0.166380757469163,0.462888346509379,0.64344440099893
"Nod_count:VarietyV:Strain103",-0.0512786647405057,0.198929774657509,-0.257772698072928,0.79658233635917
"Nod_count:VarietyS:Strain104",0.174482522237269,0.298200091182766,0.585118943274666,0.558467742246659
"Nod_count:VarietyS:Strain105",0.0722017688238442,0.175925808462671,0.410410328392292,0.681504971011401
"Nod_count:VarietyV:Strain105",-0.039018460514299,0.228157941103001,-0.17101513243707,0.864211866915471
"Nod_count:VarietyS:Strain106",0.0667705047233104,0.296489111524111,0.225203901688243,0.821820654301526
"Nod_count:VarietyV:Strain106",-0.0078997621271099,0.293036611909712,-0.0269582769048118,0.978493012132572
"Nod_count:VarietyV:Strain107",-0.0758234206848227,0.201767421174785,-0.37579615303275,0.707068447975816
"Nod_count:VarietyS:Strain108",0.0437670474070925,0.197735158240816,0.221341757310502,0.824826338552243
"Nod_count:VarietyV:Strain108",0.0149972221392019,0.209409504733127,0.0716167213055324,0.942906932568098
"Nod_count:VarietyS:Strain109",0.249456864675287,0.563732017919639,0.44250966194162,0.658120440177566
"Nod_count:VarietyV:Strain109",0.178150616195524,0.57087649093829,0.312065077163567,0.75499106650247
"Nod_count:VarietyS:Strain110",0.0630447636139049,0.255206064441224,0.247034739366175,0.804881338943082
"Nod_count:VarietyV:Strain110",0.101820908705004,0.321897724942852,0.316314471383981,0.751763828065337
"Nod_count:VarietyV:Strain111",-0.0113071505724023,0.195554426694167,-0.0578209901128237,0.953891218456165
"Nod_count:VarietyS:Strain112",0.35213353444952,0.525325187831266,0.670315344869062,0.502656787186368
"Nod_count:VarietyV:Strain112",0.296591322716169,0.535583253209099,0.553772585193914,0.579734492532282
"Nod_count:VarietyS:Strain113",0.0852836658288535,0.176224936777642,0.483947773727752,0.62842293433723
"Nod_count:VarietyV:Strain113",0.0198813073468795,0.168714079231377,0.117840238570807,0.90619424588148
"Nod_count:VarietyS:Strain114",0.0765330334283203,0.194034852342749,0.394429312591379,0.693264105932912
"Nod_count:VarietyV:Strain114",-0.00248858837033107,0.167007270430668,-0.014901078042373,0.988111099865079
"Nod_count:VarietyS:Strain115",0.0536949055902287,0.208169147453905,0.257938826415756,0.796454119314625
"Nod_count:VarietyV:Strain115",0.133331625570609,0.220414508774756,0.604913108087916,0.545236733073558
"Nod_count:VarietyS:Strain116",-0.035424760303745,0.325558537890125,-0.108812260103284,0.913351399405659
"Nod_count:VarietyV:Strain116",0.114590341096155,0.369199791121933,0.310374880624755,0.756275893940103
"Nod_count:VarietyV:Strain117",0.143846938988924,0.28295678078446,0.508370708028723,0.611193391151757
"Nod_count:VarietyS:Strain118",0.0724459019839803,91.7201616369748,0.000789857984231631,0.999369784574684
"Nod_count:VarietyV:Strain118",-0.123874271951363,1.68170812295737,-0.0736597928382033,0.941281092503679
"Nod_count:VarietyS:Strain119",0.0797191197236523,0.1686546634213,0.472676640577165,0.636443894614977
"Nod_count:VarietyV:Strain119",0.0233294290954816,0.272208400377254,0.0857042951765973,0.931701487637355
"Nod_count:VarietyS:Strain120",0.0986444124027823,0.180654010112829,0.546040535392341,0.585038073779421
"Nod_count:VarietyV:Strain120",-0.0143079289460793,0.208548745316263,-0.0686071207207763,0.945302350709495
"Nod_count:VarietyS:Strain121",-1.49438894666621,3.16046052584333,-0.47283898483986,0.636328058333157
"Nod_count:VarietyV:Strain121",-0.280541259921356,1.12385841041538,-0.249623313151758,0.802878667932535
"Nod_count:VarietyS:Strain122",0.0115922553669222,0.21533100631228,0.0538345850207506,0.957066954599662
"Nod_count:VarietyV:Strain122",-0.0220614819495649,0.165606523923234,-0.133216261213184,0.89402235088025
"Nod_count:VarietyS:Strain123",0.0965725893385148,0.156762093707048,0.616045544269055,0.537864461116112
"Nod_count:VarietyV:Strain123",0.0242043096179439,0.187935713132179,0.128790367804764,0.897523527430622
