"Strain","Variety","Source_variety","Rep","Rootweight_g","Shootweight_g","Nod_lobe","Nod_unlobed","Label","Nod_count","prop_lobe","Biomass_g"
"001","S","ON","a",0.3,0.324,8,12,"001_S_a",20,0.4,0.624
"001","V","ON","a",0.362,0.679,18,34,"001_V_a",52,0.346153846153846,1.041
"001","O","ON","a",0.033,0.108,8,22,"001_O_a",30,0.266666666666667,0.141
"001","O","ON","b",0.145,0.259,11,19,"001_O_b",30,0.366666666666667,0.404
"001","V","ON","b",0.094,0.187,11,22,"001_V_b",33,0.333333333333333,0.281
"001","S","ON","b",0.37,0.649,26,26,"001_S_b",52,0.5,1.019
"001","O","ON","c",0.469,0.395,46,11,"001_O_c",57,0.807017543859649,0.864
"001","S","ON","c",0.299,0.467,23,33,"001_S_c",56,0.410714285714286,0.766
"001","V","ON","c",0.284,0.366,52,8,"001_V_c",60,0.866666666666667,0.65
"001","O","ON","d",0.245,0.537,13,16,"001_O_d",29,0.448275862068966,0.782
"001","V","ON","d",0.373,0.444,16,21,"001_V_d",37,0.432432432432432,0.817
"002","S","ON","a",0.331,0.519,12,19,"002_S_a",31,0.387096774193548,0.85
"002","O","ON","a",0.59,0.646,15,21,"002_O_a",36,0.416666666666667,1.236
"002","V","ON","a",0.206,0.317,6,5,"002_V_a",11,0.545454545454545,0.523
"002","V","ON","b",0.158,0.346,9,4,"002_V_b",13,0.692307692307692,0.504
"002","O","ON","b",0.279,0.46,11,7,"002_O_b",18,0.611111111111111,0.739
"002","O","ON","c",0.248,0.501,19,31,"002_O_c",50,0.38,0.749
"002","V","ON","c",0.399,0.561,18,11,"002_V_c",29,0.620689655172414,0.96
"002","S","ON","c",0.218,0.444,27,64,"002_S_c",91,0.296703296703297,0.662
"002","O","ON","d",0.299,0.569,14,10,"002_O_d",24,0.583333333333333,0.868
"002","V","ON","d",0.262,0.417,11,20,"002_V_d",31,0.354838709677419,0.679
"002","S","ON","d",0.251,0.418,16,22,"002_S_d",38,0.421052631578947,0.669
"003","V","ON","a",0.157,0.284,7,12,"003_V_a",19,0.368421052631579,0.441
"003","O","ON","a",0.35,0.556,11,19,"003_O_a",30,0.366666666666667,0.906
"003","S","ON","a",0.346,0.453,15,21,"003_S_a",36,0.416666666666667,0.799
"003","S","ON","b",0.305,0.505,23,28,"003_S_b",51,0.450980392156863,0.81
"003","O","ON","b",0.121,0.301,17,26,"003_O_b",43,0.395348837209302,0.422
"003","V","ON","b",0.106,0.378,8,6,"003_V_b",14,0.571428571428571,0.484
"003","V","ON","c",0.308,0.461,15,13,"003_V_c",28,0.535714285714286,0.769
"003","O","ON","c",0.29,0.471,17,13,"003_O_c",30,0.566666666666667,0.761
"003","S","ON","c",0.345,0.33,11,8,"003_S_c",19,0.578947368421053,0.675
"003","S","ON","d",0.195,0.398,6,20,"003_S_d",26,0.230769230769231,0.593
"003","O","ON","d",0.568,0.444,11,26,"003_O_d",37,0.297297297297297,1.012
"003","V","ON","d",0.262,0.428,10,3,"003_V_d",13,0.769230769230769,0.69
"004","O","ON","a",0.458,0.51,38,27,"004_O_a",65,0.584615384615385,0.968
"004","S","ON","a",0.291,0.383,14,9,"004_S_a",23,0.608695652173913,0.674
"004","V","ON","a",0.181,0.239,7,21,"004_V_a",28,0.25,0.42
"004","V","ON","b",0.284,0.426,12,18,"004_V_b",30,0.4,0.71
"004","O","ON","b",0.266,0.45,14,17,"004_O_b",31,0.451612903225806,0.716
"004","S","ON","b",0.171,0.462,11,14,"004_S_b",25,0.44,0.633
"004","V","ON","c",0.179,0.383,10,75,"004_V_c",85,0.117647058823529,0.562
"004","S","ON","c",0.576,0.652,23,7,"004_S_c",30,0.766666666666667,1.228
"004","O","ON","c",0.386,0.459,8,13,"004_O_c",21,0.380952380952381,0.845
"004","S","ON","d",0.06,0.117,4,18,"004_S_d",22,0.181818181818182,0.177
"004","V","ON","d",0.091,0.222,10,9,"004_V_d",19,0.526315789473684,0.313
"004","O","ON","d",0.404,0.467,17,10,"004_O_d",27,0.62962962962963,0.871
"005","S","ON","a",0.267,0.603,17,21,"005_S_a",38,0.447368421052632,0.87
"005","O","ON","a",0.134,0.218,9,8,"005_O_a",17,0.529411764705882,0.352
"005","V","ON","a",0.113,0.154,11,43,"005_V_a",54,0.203703703703704,0.267
"005","V","ON","b",0.217,0.376,7,45,"005_V_b",52,0.134615384615385,0.593
"005","S","ON","b",0.581,0.659,19,22,"005_S_b",41,0.463414634146341,1.24
"005","S","ON","c",0.285,0.513,27,61,"005_S_c",88,0.306818181818182,0.798
"005","O","ON","c",0.192,0.307,7,20,"005_O_c",27,0.259259259259259,0.499
"005","V","ON","c",0.159,0.404,8,28,"005_V_c",36,0.222222222222222,0.563
"005","O","ON","d",0.368,0.489,11,15,"005_O_d",26,0.423076923076923,0.857
"005","V","ON","d",0.202,0.476,28,40,"005_V_d",68,0.411764705882353,0.678
"006","S","ON","a",0.104,0.194,16,8,"006_S_a",24,0.666666666666667,0.298
"006","V","ON","a",0.18,0.344,15,13,"006_V_a",28,0.535714285714286,0.524
"006","O","ON","a",0.028,0.048,46,104,"006_O_a",150,0.306666666666667,0.076
"006","V","ON","b",0.082,0.175,7,19,"006_V_b",26,0.269230769230769,0.257
"006","O","ON","b",0.335,0.451,28,14,"006_O_b",42,0.666666666666667,0.786
"006","S","ON","b",0.503,0.57,11,19,"006_S_b",30,0.366666666666667,1.073
"006","O","ON","c",0.294,0.708,14,8,"006_O_c",22,0.636363636363636,1.002
"006","V","ON","c",0.278,0.436,4,12,"006_V_c",16,0.25,0.714
"006","S","ON","c",0.312,0.538,21,63,"006_S_c",84,0.25,0.85
"006","S","ON","d",0.184,0.37,14,16,"006_S_d",30,0.466666666666667,0.554
"006","V","ON","d",0.305,0.403,2,39,"006_V_d",41,0.048780487804878,0.708
"006","O","ON","d",0.127,0.211,10,21,"006_O_d",31,0.32258064516129,0.338
"007","S","ON","a",0.113,0.214,10,61,"007_S_a",71,0.140845070422535,0.327
"007","O","ON","a",0.31,0.15,6,12,"007_O_a",18,0.333333333333333,0.46
"007","V","ON","a",0.108,0.238,12,23,"007_V_a",35,0.342857142857143,0.346
"007","V","ON","b",0.337,0.624,26,23,"007_V_b",49,0.530612244897959,0.961
"007","O","ON","b",0.254,0.427,18,22,"007_O_b",40,0.45,0.681
"007","S","ON","b",0.247,0.572,17,39,"007_S_b",56,0.303571428571429,0.819
"007","V","ON","c",0.221,0.486,17,16,"007_V_c",33,0.515151515151515,0.707
"007","O","ON","c",0.365,0.58,25,52,"007_O_c",77,0.324675324675325,0.945
"007","S","ON","c",0.198,0.478,12,28,"007_S_c",40,0.3,0.676
"007","V","ON","d",0.419,0.587,23,32,"007_V_d",55,0.418181818181818,1.006
"007","O","ON","d",0.253,0.498,7,31,"007_O_d",38,0.184210526315789,0.751
"008","S","ON","a",0.368,0.539,12,14,"008_S_a",26,0.461538461538462,0.907
"008","O","ON","a",0.234,0.393,15,11,"008_O_a",26,0.576923076923077,0.627
"008","V","ON","a",0.085,0.205,4,2,"008_V_a",6,0.666666666666667,0.29
"008","O","ON","b",0.292,0.334,8,14,"008_O_b",22,0.363636363636364,0.626
"008","V","ON","b",0.118,0.309,12,10,"008_V_b",22,0.545454545454545,0.427
"008","S","ON","b",0.354,0.739,18,49,"008_S_b",67,0.26865671641791,1.093
"008","S","ON","c",0.165,0.4,24,18,"008_S_c",42,0.571428571428571,0.565
"008","V","ON","c",0.612,0.626,24,19,"008_V_c",43,0.558139534883721,1.238
"008","O","ON","c",0.292,0.583,20,14,"008_O_c",34,0.588235294117647,0.875
"008","V","ON","d",0.116,0.247,17,11,"008_V_d",28,0.607142857142857,0.363
"008","O","ON","d",0.315,0.485,26,48,"008_O_d",74,0.351351351351351,0.8
"009","O","ON","a",0.329,0.369,19,13,"009_O_a",32,0.59375,0.698
"009","V","ON","a",0.216,0.475,9,7,"009_V_a",16,0.5625,0.691
"009","S","ON","a",0.032,0.011,0,5,"009_S_a",5,0,0.043
"009","O","ON","b",0.223,0.349,15,8,"009_O_b",23,0.652173913043478,0.572
"009","S","ON","b",0.416,0.51,12,18,"009_S_b",30,0.4,0.926
"009","V","ON","b",0.321,0.533,18,16,"009_V_b",34,0.529411764705882,0.854
"009","S","ON","c",0.213,0.379,25,33,"009_S_c",58,0.431034482758621,0.592
"009","O","ON","c",0.16,0.349,16,15,"009_O_c",31,0.516129032258065,0.509
"009","V","ON","c",0.333,0.601,23,2,"009_V_c",25,0.92,0.934
"009","V","ON","d",0.17,0.27,6,0,"009_V_d",6,1,0.44
"009","O","ON","d",0.19,0.279,11,9,"009_O_d",20,0.55,0.469
"010","S","ON","a",0.326,0.413,13,15,"010_S_a",28,0.464285714285714,0.739
"010","O","ON","a",0.21,0.351,9,31,"010_O_a",40,0.225,0.561
"010","V","ON","a",0.49,0.652,32,30,"010_V_a",62,0.516129032258065,1.142
"010","V","ON","b",0.104,0.361,15,43,"010_V_b",58,0.258620689655172,0.465
"010","O","ON","b",0.082,0.175,13,12,"010_O_b",25,0.52,0.257
"010","S","ON","b",0.249,0.391,12,16,"010_S_b",28,0.428571428571429,0.64
"010","S","ON","c",0.181,0.32,12,40,"010_S_c",52,0.230769230769231,0.501
"010","O","ON","c",0.15,0.242,6,26,"010_O_c",32,0.1875,0.392
"010","V","ON","c",0.346,0.526,25,37,"010_V_c",62,0.403225806451613,0.872
"010","O","ON","d",0.299,0.395,13,20,"010_O_d",33,0.393939393939394,0.694
"010","V","ON","d",0.169,0.361,18,13,"010_V_d",31,0.580645161290323,0.53
"011","O","ON","a",0.367,0.451,31,24,"011_O_a",55,0.563636363636364,0.818
"011","S","ON","a",0.144,0.256,14,10,"011_S_a",24,0.583333333333333,0.4
"011","V","ON","a",0.119,0.28,9,27,"011_V_a",36,0.25,0.399
"011","O","ON","b",0.187,0.319,16,16,"011_O_b",32,0.5,0.506
"011","V","ON","b",0.169,0.304,5,8,"011_V_b",13,0.384615384615385,0.473
"011","S","ON","b",0.18,0.324,9,12,"011_S_b",21,0.428571428571429,0.504
"011","S","ON","c",0.562,0.823,13,23,"011_S_c",36,0.361111111111111,1.385
"011","V","ON","c",0.226,0.579,27,119,"011_V_c",146,0.184931506849315,0.805
"011","O","ON","c",0.147,0.255,22,12,"011_O_c",34,0.647058823529412,0.402
"011","O","ON","d",0.31,0.451,14,11,"011_O_d",25,0.56,0.761
"011","V","ON","d",0.104,0.265,2,31,"011_V_d",33,0.0606060606060606,0.369
"012","O","ON","a",0.14,0.196,4,37,"012_O_a",41,0.0975609756097561,0.336
"012","V","ON","a",0.056,0.174,12,11,"012_V_a",23,0.521739130434783,0.23
"012","S","ON","a",0.104,0.176,6,31,"012_S_a",37,0.162162162162162,0.28
"012","V","ON","b",0.055,0.21,7,27,"012_V_b",34,0.205882352941176,0.265
"012","O","ON","b",0.163,0.379,7,52,"012_O_b",59,0.11864406779661,0.542
"012","S","ON","b",0.516,0.59,10,74,"012_S_b",84,0.119047619047619,1.106
"012","S","ON","c",0.238,0.328,6,76,"012_S_c",82,0.0731707317073171,0.566
"012","V","ON","c",0.181,0.354,9,34,"012_V_c",43,0.209302325581395,0.535
"012","O","ON","c",0.24,0.272,4,33,"012_O_c",37,0.108108108108108,0.512
"012","V","ON","d",0.08,0.207,12,30,"012_V_d",42,0.285714285714286,0.287
"012","O","ON","d",0.168,0.247,22,31,"012_O_d",53,0.415094339622642,0.415
"013","O","ON","a",0.351,0.721,42,48,"013_O_a",90,0.466666666666667,1.072
"013","S","ON","a",0.178,0.483,36,41,"013_S_a",77,0.467532467532468,0.661
"013","V","ON","a",0.181,0.451,17,31,"013_V_a",48,0.354166666666667,0.632
"013","S","ON","b",0.371,0.799,25,5,"013_S_b",30,0.833333333333333,1.17
"013","V","ON","b",0.108,0.312,11,9,"013_V_b",20,0.55,0.42
"013","O","ON","b",0.245,0.576,30,46,"013_O_b",76,0.394736842105263,0.821
"013","S","ON","c",0.146,0.326,23,11,"013_S_c",34,0.676470588235294,0.472
"013","V","ON","c",0.338,0.485,43,101,"013_V_c",144,0.298611111111111,0.823
"013","O","ON","c",0.184,0.354,20,46,"013_O_c",66,0.303030303030303,0.538
"013","V","ON","d",0.371,0.651,17,118,"013_V_d",135,0.125925925925926,1.022
"013","S","ON","d",0.352,0.674,22,86,"013_S_d",108,0.203703703703704,1.026
"013","O","ON","d",0.48,0.606,24,44,"013_O_d",68,0.352941176470588,1.086
"014","V","ON","a",0.185,0.373,12,48,"014_V_a",60,0.2,0.558
"014","S","ON","a",0.25,0.383,1,5,"014_S_a",6,0.166666666666667,0.633
"014","O","ON","a",0.102,0.233,12,29,"014_O_a",41,0.292682926829268,0.335
"014","S","ON","b",0.234,0.35,14,68,"014_S_b",82,0.170731707317073,0.584
"014","O","ON","b",0.268,0.228,18,29,"014_O_b",47,0.382978723404255,0.496
"014","V","ON","b",0.156,0.367,29,18,"014_V_b",47,0.617021276595745,0.523
"014","V","ON","c",0.162,0.33,8,41,"014_V_c",49,0.163265306122449,0.492
"014","S","ON","c",0.522,0.712,55,47,"014_S_c",102,0.53921568627451,1.234
"014","O","ON","c",0.289,0.398,1,48,"014_O_c",49,0.0204081632653061,0.687
"014","V","ON","d",0.28,0.376,26,52,"014_V_d",78,0.333333333333333,0.656
"014","O","ON","d",0.433,0.705,22,62,"014_O_d",84,0.261904761904762,1.138
"015","O","ON","a",0.176,0.321,6,47,"015_O_a",53,0.113207547169811,0.497
"015","V","ON","a",0.239,0.366,26,32,"015_V_a",58,0.448275862068966,0.605
"015","S","ON","a",0.001,0.507,24,35,"015_S_a",59,0.406779661016949,0.508
"015","O","ON","b",0.171,0.387,18,18,"015_O_b",36,0.5,0.558
"015","V","ON","b",0.071,0.169,5,9,"015_V_b",14,0.357142857142857,0.24
"015","S","ON","b",0.22,0.385,14,41,"015_S_b",55,0.254545454545455,0.605
"015","O","ON","c",0.093,0.204,5,41,"015_O_c",46,0.108695652173913,0.297
"015","S","ON","c",0.547,0.608,30,36,"015_S_c",66,0.454545454545455,1.155
"015","V","ON","c",0.137,0.278,2,7,"015_V_c",9,0.222222222222222,0.415
"015","O","ON","d",0.298,0.522,12,33,"015_O_d",45,0.266666666666667,0.82
"015","V","ON","d",0.165,0.262,7,5,"015_V_d",12,0.583333333333333,0.427
"016","O","ON","a",0.256,0.321,6,56,"016_O_a",62,0.0967741935483871,0.577
"016","V","ON","a",0.098,0.259,9,13,"016_V_a",22,0.409090909090909,0.357
"016","S","ON","a",0.211,0.461,12,9,"016_S_a",21,0.571428571428571,0.672
"016","S","ON","b",0.12,0.269,10,44,"016_S_b",54,0.185185185185185,0.389
"016","V","ON","b",0.157,0.323,12,25,"016_V_b",37,0.324324324324324,0.48
"016","O","ON","b",0.184,0.435,10,24,"016_O_b",34,0.294117647058824,0.619
"016","V","ON","c",0.534,0.623,13,38,"016_V_c",51,0.254901960784314,1.157
"016","O","ON","c",0.228,0.301,22,21,"016_O_c",43,0.511627906976744,0.529
"016","S","ON","c",0.167,0.293,6,25,"016_S_c",31,0.193548387096774,0.46
"016","S","ON","d",0.115,0.253,9,30,"016_S_d",39,0.230769230769231,0.368
"016","V","ON","d",0.067,0.133,6,20,"016_V_d",26,0.230769230769231,0.2
"016","O","ON","d",0.158,0.157,10,16,"016_O_d",26,0.384615384615385,0.315
"017","S","ON","a",0.146,0.306,10,12,"017_S_a",22,0.454545454545455,0.452
"017","O","ON","a",0.191,0.326,17,9,"017_O_a",26,0.653846153846154,0.517
"017","O","ON","b",0.268,0.288,9,25,"017_O_b",34,0.264705882352941,0.556
"017","V","ON","b",0.317,0.554,16,48,"017_V_b",64,0.25,0.871
"017","S","ON","b",0.397,0.497,17,14,"017_S_b",31,0.548387096774194,0.894
"017","V","ON","c",0.262,0.507,12,15,"017_V_c",27,0.444444444444444,0.769
"017","O","ON","c",0.373,0.496,29,15,"017_O_c",44,0.659090909090909,0.869
"017","S","ON","c",0.289,0.351,15,28,"017_S_c",43,0.348837209302326,0.64
"017","O","ON","d",0.175,0.26,11,11,"017_O_d",22,0.5,0.435
"017","V","ON","d",0.234,0.318,19,21,"017_V_d",40,0.475,0.552
"018","V","ON","a",0.079,0.36,2,16,"018_V_a",18,0.111111111111111,0.439
"018","O","ON","a",0.191,0.303,8,123,"018_O_a",131,0.0610687022900763,0.494
"018","V","ON","b",0.182,0.348,10,28,"018_V_b",38,0.263157894736842,0.53
"018","S","ON","b",0.28,0.592,14,30,"018_S_b",44,0.318181818181818,0.872
"018","O","ON","b",0.202,0.459,10,11,"018_O_b",21,0.476190476190476,0.661
"018","V","ON","c",0.35,0.387,20,24,"018_V_c",44,0.454545454545455,0.737
"018","O","ON","c",0.396,0.589,20,32,"018_O_c",52,0.384615384615385,0.985
"018","S","ON","c",0.162,0.354,25,65,"018_S_c",90,0.277777777777778,0.516
"018","V","ON","d",0.252,0.505,14,21,"018_V_d",35,0.4,0.757
"018","O","ON","d",0.251,0.328,7,38,"018_O_d",45,0.155555555555556,0.579
"019","O","ON","a",0.375,0.452,17,64,"019_O_a",81,0.209876543209877,0.827
"019","V","ON","a",0.048,0.113,3,10,"019_V_a",13,0.230769230769231,0.161
"019","S","ON","a",0.322,0.351,15,58,"019_S_a",73,0.205479452054795,0.673
"019","V","ON","b",0.145,0.265,10,32,"019_V_b",42,0.238095238095238,0.41
"019","S","ON","b",0.147,0.339,7,43,"019_S_b",50,0.14,0.486
"019","O","ON","b",0.069,0.129,3,26,"019_O_b",29,0.103448275862069,0.198
"019","V","ON","c",0.11,0.208,8,42,"019_V_c",50,0.16,0.318
"019","S","ON","c",0.039,0.123,7,21,"019_S_c",28,0.25,0.162
"019","O","ON","c",0.057,0.105,4,52,"019_O_c",56,0.0714285714285714,0.162
"019","S","ON","d",0.567,0.635,9,52,"019_S_d",61,0.147540983606557,1.202
"019","O","ON","d",0.137,0.345,0,56,"019_O_d",56,0,0.482
"019","V","ON","d",0.11,0.264,12,72,"019_V_d",84,0.142857142857143,0.374
"020","O","ON","a",0.104,0.148,13,16,"020_O_a",29,0.448275862068966,0.252
"020","S","ON","a",0.374,0.532,16,13,"020_S_a",29,0.551724137931034,0.906
"020","V","ON","a",0.106,0.218,6,20,"020_V_a",26,0.230769230769231,0.324
"020","S","ON","b",0.274,0.466,14,28,"020_S_b",42,0.333333333333333,0.74
"020","O","ON","b",0.12,0.296,7,9,"020_O_b",16,0.4375,0.416
"020","V","ON","b",0.045,0.159,6,11,"020_V_b",17,0.352941176470588,0.204
"020","V","ON","c",0.293,0.383,13,21,"020_V_c",34,0.382352941176471,0.676
"020","S","ON","c",0.71,0.751,23,29,"020_S_c",52,0.442307692307692,1.461
"020","O","ON","c",0.214,0.387,11,44,"020_O_c",55,0.2,0.601
"020","O","ON","d",0.262,0.452,15,46,"020_O_d",61,0.245901639344262,0.714
"020","V","ON","d",0.346,0.324,12,9,"020_V_d",21,0.571428571428571,0.67
"021","O","ON","a",0.206,0.272,10,11,"021_O_a",21,0.476190476190476,0.478
"021","S","ON","a",0.329,0.536,16,26,"021_S_a",42,0.380952380952381,0.865
"021","V","ON","a",0.191,0.325,19,32,"021_V_a",51,0.372549019607843,0.516
"021","V","ON","b",0.145,0.28,9,17,"021_V_b",26,0.346153846153846,0.425
"021","S","ON","b",0.307,0.455,14,21,"021_S_b",35,0.4,0.762
"021","O","ON","b",0.093,0.259,12,16,"021_O_b",28,0.428571428571429,0.352
"021","S","ON","c",0.262,0.48,16,1,"021_S_c",17,0.941176470588235,0.742
"021","V","ON","c",0.16,0.33,17,10,"021_V_c",27,0.62962962962963,0.49
"021","O","ON","c",0.045,0.148,7,17,"021_O_c",24,0.291666666666667,0.193
"021","V","ON","d",0.245,0.396,9,3,"021_V_d",12,0.75,0.641
"021","S","ON","d",0.344,0.52,14,21,"021_S_d",35,0.4,0.864
"021","O","ON","d",0.116,0.213,10,42,"021_O_d",52,0.192307692307692,0.329
"022","O","ON","a",0.148,0.326,22,12,"022_O_a",34,0.647058823529412,0.474
"022","V","ON","a",0.251,0.288,8,18,"022_V_a",26,0.307692307692308,0.539
"022","S","ON","a",0.221,0.352,23,21,"022_S_a",44,0.522727272727273,0.573
"022","V","ON","b",0.28,0.43,16,37,"022_V_b",53,0.30188679245283,0.71
"022","S","ON","b",0.46,0.448,28,16,"022_S_b",44,0.636363636363636,0.908
"022","O","ON","b",0.109,0.205,8,17,"022_O_b",25,0.32,0.314
"022","O","ON","c",0.075,0.183,8,19,"022_O_c",27,0.296296296296296,0.258
"022","V","ON","c",0.054,0.19,16,40,"022_V_c",56,0.285714285714286,0.244
"022","S","ON","c",0.528,0.703,17,10,"022_S_c",27,0.62962962962963,1.231
"022","V","ON","d",0.302,0.52,20,54,"022_V_d",74,0.27027027027027,0.822
"022","O","ON","d",0.205,0.358,9,12,"022_O_d",21,0.428571428571429,0.563
"023","O","ON","a",0.208,0.373,12,21,"023_O_a",33,0.363636363636364,0.581
"023","V","ON","a",0.11,0.204,6,15,"023_V_a",21,0.285714285714286,0.314
"023","S","ON","b",0.4,0.553,16,54,"023_S_b",70,0.228571428571429,0.953
"023","V","ON","b",0.268,0.365,23,22,"023_V_b",45,0.511111111111111,0.633
"023","O","ON","b",0.349,0.458,14,27,"023_O_b",41,0.341463414634146,0.807
"023","V","ON","c",0.289,0.493,16,15,"023_V_c",31,0.516129032258065,0.782
"023","S","ON","c",0.133,0.252,6,20,"023_S_c",26,0.230769230769231,0.385
"023","O","ON","c",0.271,0.332,15,27,"023_O_c",42,0.357142857142857,0.603
"023","S","ON","d",0.507,0.376,11,5,"023_S_d",16,0.6875,0.883
"023","O","ON","d",0.493,0.594,16,19,"023_O_d",35,0.457142857142857,1.087
"023","V","ON","d",0.294,0.461,13,12,"023_V_d",25,0.52,0.755
"024","O","ON","a",0.247,0.395,24,30,"024_O_a",54,0.444444444444444,0.642
"024","V","ON","a",0.278,0.502,21,14,"024_V_a",35,0.6,0.78
"024","S","ON","a",0.596,0.682,13,37,"024_S_a",50,0.26,1.278
"024","S","ON","b",0.257,0.32,2,2,"024_S_b",4,0.5,0.577
"024","V","ON","b",0.376,0.527,12,15,"024_V_b",27,0.444444444444444,0.903
"024","O","ON","b",0.074,0.255,5,12,"024_O_b",17,0.294117647058824,0.329
"024","V","ON","c",0.225,0.607,14,15,"024_V_c",29,0.482758620689655,0.832
"024","S","ON","c",0.606,0.725,13,65,"024_S_c",78,0.166666666666667,1.331
"024","O","ON","c",0.22,0.407,8,19,"024_O_c",27,0.296296296296296,0.627
"024","O","ON","d",0.179,0.255,11,28,"024_O_d",39,0.282051282051282,0.434
"024","V","ON","d",0.285,0.438,7,11,"024_V_d",18,0.388888888888889,0.723
"025","V","ON","a",0.267,0.366,8,25,"025_V_a",33,0.242424242424242,0.633
"025","O","ON","a",0.247,0.31,21,30,"025_O_a",51,0.411764705882353,0.557
"025","S","ON","b",0.264,0.645,14,25,"025_S_b",39,0.358974358974359,0.909
"025","O","ON","b",0.148,0.241,15,28,"025_O_b",43,0.348837209302326,0.389
"025","V","ON","b",0.23,0.385,20,12,"025_V_b",32,0.625,0.615
"025","V","ON","c",0.112,0.245,13,28,"025_V_c",41,0.317073170731707,0.357
"025","S","ON","c",0.11,0.178,25,33,"025_S_c",58,0.431034482758621,0.288
"025","O","ON","c",0.204,0.334,15,70,"025_O_c",85,0.176470588235294,0.538
"025","S","ON","d",0.245,0.341,15,46,"025_S_d",61,0.245901639344262,0.586
"025","O","ON","d",0.212,0.361,16,74,"025_O_d",90,0.177777777777778,0.573
"025","V","ON","d",0.436,0.459,8,49,"025_V_d",57,0.140350877192982,0.895
"026","O","ON","a",0.375,0.376,13,30,"026_O_a",43,0.302325581395349,0.751
"026","V","ON","a",0.164,0.341,8,15,"026_V_a",23,0.347826086956522,0.505
"026","S","ON","a",0.104,0.217,7,7,"026_S_a",14,0.5,0.321
"026","O","ON","b",0.196,0.308,7,13,"026_O_b",20,0.35,0.504
"026","S","ON","b",0.342,0.528,11,16,"026_S_b",27,0.407407407407407,0.87
"026","V","ON","b",0.204,0.48,13,13,"026_V_b",26,0.5,0.684
"026","O","ON","c",0.498,0.621,7,2,"026_O_c",9,0.777777777777778,1.119
"026","V","ON","c",0.381,0.571,19,6,"026_V_c",25,0.76,0.952
"026","O","ON","d",0.175,0.299,15,4,"026_O_d",19,0.789473684210526,0.474
"026","V","ON","d",0.415,0.461,20,11,"026_V_d",31,0.645161290322581,0.876
"026","S","ON","d",0.455,0.483,16,29,"026_S_d",45,0.355555555555556,0.938
"028","V","ON","a",0.108,0.205,9,14,"028_V_a",23,0.391304347826087,0.313
"028","O","ON","a",0.177,0.426,17,25,"028_O_a",42,0.404761904761905,0.603
"028","S","ON","a",0.129,0.293,9,39,"028_S_a",48,0.1875,0.422
"028","V","ON","b",0.13,0.294,5,44,"028_V_b",49,0.102040816326531,0.424
"028","O","ON","b",0.001,0.039,4,26,"028_O_b",30,0.133333333333333,0.04
"028","S","ON","b",0.29,0.533,15,28,"028_S_b",43,0.348837209302326,0.823
"028","S","ON","c",0.331,0.51,32,27,"028_S_c",59,0.542372881355932,0.841
"028","V","ON","c",0.242,0.413,30,23,"028_V_c",53,0.566037735849057,0.655
"028","O","ON","c",0.12,0.26,9,53,"028_O_c",62,0.145161290322581,0.38
"028","O","ON","d",0.238,0.314,4,39,"028_O_d",43,0.0930232558139535,0.552
"028","V","ON","d",0.252,0.299,8,74,"028_V_d",82,0.0975609756097561,0.551
"029","S","ON","a",0.387,0.482,6,69,"029_S_a",75,0.08,0.869
"029","V","ON","a",0.008,0.101,9,12,"029_V_a",21,0.428571428571429,0.109
"029","O","ON","a",0.128,0.219,14,50,"029_O_a",64,0.21875,0.347
"029","V","ON","b",0.166,0.259,9,18,"029_V_b",27,0.333333333333333,0.425
"029","S","ON","b",0.245,0.272,17,38,"029_S_b",55,0.309090909090909,0.517
"029","O","ON","b",0.039,0.104,5,42,"029_O_b",47,0.106382978723404,0.143
"029","O","ON","c",0.192,0.412,18,40,"029_O_c",58,0.310344827586207,0.604
"029","S","ON","c",0.629,0.516,12,38,"029_S_c",50,0.24,1.145
"029","V","ON","c",0.109,0.223,11,42,"029_V_c",53,0.207547169811321,0.332
"029","V","ON","d",0.17,0.309,6,19,"029_V_d",25,0.24,0.479
"029","O","ON","d",0.152,0.315,6,45,"029_O_d",51,0.117647058823529,0.467
"030","S","ON","a",0.314,0.506,6,35,"030_S_a",41,0.146341463414634,0.82
"030","O","ON","a",0.321,0.377,17,33,"030_O_a",50,0.34,0.698
"030","V","ON","a",0.099,0.23,9,8,"030_V_a",17,0.529411764705882,0.329
"030","V","ON","b",0.308,0.543,16,14,"030_V_b",30,0.533333333333333,0.851
"030","O","ON","b",0.26,0.328,10,7,"030_O_b",17,0.588235294117647,0.588
"030","S","ON","b",0.559,0.759,13,26,"030_S_b",39,0.333333333333333,1.318
"030","S","ON","c",0.395,0.499,14,79,"030_S_c",93,0.150537634408602,0.894
"030","O","ON","c",0.165,0.348,26,41,"030_O_c",67,0.388059701492537,0.513
"030","V","ON","c",0.272,0.452,22,31,"030_V_c",53,0.415094339622642,0.724
"030","V","ON","d",0.105,0.223,6,2,"030_V_d",8,0.75,0.328
"030","O","ON","d",0.394,0.409,10,17,"030_O_d",27,0.37037037037037,0.803
"031","O","SN","a",0.335,0.529,18,12,"031_O_a",30,0.6,0.864
"031","S","SN","a",0.595,0.51,11,60,"031_S_a",71,0.154929577464789,1.105
"031","V","SN","a",0.069,0.165,9,5,"031_V_a",14,0.642857142857143,0.234
"031","V","SN","b",0.228,0.391,13,33,"031_V_b",46,0.282608695652174,0.619
"031","S","SN","b",0.144,0.267,8,33,"031_S_b",41,0.195121951219512,0.411
"031","O","SN","b",0.139,0.29,19,15,"031_O_b",34,0.558823529411765,0.429
"031","V","SN","c",0.229,0.408,20,10,"031_V_c",30,0.666666666666667,0.637
"031","O","SN","c",0.087,0.191,15,23,"031_O_c",38,0.394736842105263,0.278
"031","V","SN","d",0.278,0.32,8,35,"031_V_d",43,0.186046511627907,0.598
"031","S","SN","d",0.659,0.63,21,87,"031_S_d",108,0.194444444444444,1.289
"031","O","SN","d",0.38,0.515,16,14,"031_O_d",30,0.533333333333333,0.895
"032","S","SN","a",0.418,0.764,32,55,"032_S_a",87,0.367816091954023,1.182
"032","O","SN","a",0.218,0.371,32,56,"032_O_a",88,0.363636363636364,0.589
"032","V","SN","a",0.045,0.137,1,51,"032_V_a",52,0.0192307692307692,0.182
"032","V","SN","b",0.114,0.413,19,59,"032_V_b",78,0.243589743589744,0.527
"032","O","SN","b",0.349,0.479,26,20,"032_O_b",46,0.565217391304348,0.828
"032","S","SN","b",0.334,0.725,15,79,"032_S_b",94,0.159574468085106,1.059
"032","O","SN","c",0.546,0.718,18,25,"032_O_c",43,0.418604651162791,1.264
"032","S","SN","c",0.135,0.323,36,120,"032_S_c",156,0.230769230769231,0.458
"032","V","SN","c",0.153,0.385,8,12,"032_V_c",20,0.4,0.538
"032","V","SN","d",0.24,0.653,13,22,"032_V_d",35,0.371428571428571,0.893
"032","O","SN","d",0.256,0.468,17,57,"032_O_d",74,0.22972972972973,0.724
"033","V","SN","a",0.11,0.312,15,28,"033_V_a",43,0.348837209302326,0.422
"033","O","SN","a",0.176,0.256,17,70,"033_O_a",87,0.195402298850575,0.432
"033","S","SN","a",0.268,0.385,12,13,"033_S_a",25,0.48,0.653
"033","S","SN","b",0.188,0.358,1,83,"033_S_b",84,0.0119047619047619,0.546
"033","V","SN","b",0.109,0.305,2,51,"033_V_b",53,0.0377358490566038,0.414
"033","O","SN","b",0.341,0.643,18,68,"033_O_b",86,0.209302325581395,0.984
"033","S","SN","c",0.202,0.464,24,104,"033_S_c",128,0.1875,0.666
"033","O","SN","c",0.103,0.283,8,21,"033_O_c",29,0.275862068965517,0.386
"033","O","SN","d",0.195,0.549,46,26,"033_O_d",72,0.638888888888889,0.744
"033","V","SN","d",0.202,0.345,21,41,"033_V_d",62,0.338709677419355,0.547
"034","O","SN","a",0.236,0.531,18,37,"034_O_a",55,0.327272727272727,0.767
"034","V","SN","a",0.424,0.636,20,27,"034_V_a",47,0.425531914893617,1.06
"034","S","SN","a",0.256,0.404,18,11,"034_S_a",29,0.620689655172414,0.66
"034","O","SN","b",0.249,0.392,17,6,"034_O_b",23,0.739130434782609,0.641
"034","V","SN","b",0.18,0.401,13,4,"034_V_b",17,0.764705882352941,0.581
"034","S","SN","b",0.403,0.574,26,21,"034_S_b",47,0.553191489361702,0.977
"034","V","SN","c",0.392,0.551,10,46,"034_V_c",56,0.178571428571429,0.943
"034","O","SN","c",0.423,0.561,15,13,"034_O_c",28,0.535714285714286,0.984
"034","S","SN","c",0.459,0.753,17,26,"034_S_c",43,0.395348837209302,1.212
"034","V","SN","d",0.384,0.621,19,27,"034_V_d",46,0.41304347826087,1.005
"034","O","SN","d",0.269,0.469,20,50,"034_O_d",70,0.285714285714286,0.738
"035","O","SN","a",0.344,0.495,23,60,"035_O_a",83,0.27710843373494,0.839
"035","V","SN","a",0.323,0.391,20,22,"035_V_a",42,0.476190476190476,0.714
"035","S","SN","a",0.404,0.653,15,33,"035_S_a",48,0.3125,1.057
"035","S","SN","b",0.193,0.522,16,72,"035_S_b",88,0.181818181818182,0.715
"035","V","SN","b",0.145,0.387,13,60,"035_V_b",73,0.178082191780822,0.532
"035","O","SN","b",0.106,0.26,11,30,"035_O_b",41,0.268292682926829,0.366
"035","V","SN","c",0.286,0.455,7,73,"035_V_c",80,0.0875,0.741
"035","O","SN","c",0.438,0.709,7,74,"035_O_c",81,0.0864197530864197,1.147
"035","S","SN","c",0.142,0.227,5,93,"035_S_c",98,0.0510204081632653,0.369
"035","V","SN","d",0.251,0.381,12,9,"035_V_d",21,0.571428571428571,0.632
"035","O","SN","d",0.258,0.523,9,63,"035_O_d",72,0.125,0.781
"037","V","SN","a",0.109,0.27,9,28,"037_V_a",37,0.243243243243243,0.379
"037","S","SN","a",0.45,0.597,14,44,"037_S_a",58,0.241379310344828,1.047
"037","O","SN","a",0.266,0.49,19,39,"037_O_a",58,0.327586206896552,0.756
"037","O","SN","b",0.169,0.267,41,42,"037_O_b",83,0.493975903614458,0.436
"037","V","SN","b",0.276,0.783,17,51,"037_V_b",68,0.25,1.059
"037","V","SN","c",0.399,0.535,13,37,"037_V_c",50,0.26,0.934
"037","O","SN","c",0.47,0.556,16,12,"037_O_c",28,0.571428571428571,1.026
"037","V","SN","d",0.546,0.838,20,29,"037_V_d",49,0.408163265306122,1.384
"037","O","SN","d",0.529,0.579,13,48,"037_O_d",61,0.213114754098361,1.108
"037","S","SN","d",0.197,0.362,15,62,"037_S_d",77,0.194805194805195,0.559
"038","V","SN","a",0.148,0.355,24,36,"038_V_a",60,0.4,0.503
"038","O","SN","a",0.182,0.311,14,15,"038_O_a",29,0.482758620689655,0.493
"038","S","SN","a",0.256,0.517,42,29,"038_S_a",71,0.591549295774648,0.773
"038","O","SN","b",0.075,0.176,7,15,"038_O_b",22,0.318181818181818,0.251
"038","V","SN","b",0.267,0.524,15,29,"038_V_b",44,0.340909090909091,0.791
"038","S","SN","b",0.471,0.713,10,13,"038_S_b",23,0.434782608695652,1.184
"038","S","SN","c",0.186,0.493,22,27,"038_S_c",49,0.448979591836735,0.679
"038","O","SN","c",0.339,0.509,9,26,"038_O_c",35,0.257142857142857,0.848
"038","V","SN","c",0.416,0.575,18,29,"038_V_c",47,0.382978723404255,0.991
"038","V","SN","d",0.498,0.657,20,11,"038_V_d",31,0.645161290322581,1.155
"038","O","SN","d",0.261,0.448,21,28,"038_O_d",49,0.428571428571429,0.709
"039","V","SN","a",0.308,0.486,11,19,"039_V_a",30,0.366666666666667,0.794
"039","O","SN","a",0.429,0.604,26,17,"039_O_a",43,0.604651162790698,1.033
"039","S","SN","a",0.369,0.47,20,3,"039_S_a",23,0.869565217391304,0.839
"039","O","SN","b",0.267,0.4,13,47,"039_O_b",60,0.216666666666667,0.667
"039","S","SN","b",0.161,0.291,9,17,"039_S_b",26,0.346153846153846,0.452
"039","V","SN","b",0.164,0.444,10,18,"039_V_b",28,0.357142857142857,0.608
"039","S","SN","c",0.723,0.714,21,75,"039_S_c",96,0.21875,1.437
"039","V","SN","c",0.467,0.396,17,10,"039_V_c",27,0.62962962962963,0.863
"039","O","SN","c",0,0.001,1,0,"039_O_c",1,1,0.001
"039","V","SN","d",0.479,0.652,36,54,"039_V_d",90,0.4,1.131
"039","O","SN","d",0.196,0.467,27,32,"039_O_d",59,0.457627118644068,0.663
"041","S","SN","a",0.482,0.415,11,13,"041_S_a",24,0.458333333333333,0.897
"041","V","SN","a",0.108,0.225,5,16,"041_V_a",21,0.238095238095238,0.333
"041","O","SN","a",0.289,0.395,7,17,"041_O_a",24,0.291666666666667,0.684
"041","V","SN","b",0.174,0.274,13,13,"041_V_b",26,0.5,0.448
"041","O","SN","b",0.274,0.381,18,8,"041_O_b",26,0.692307692307692,0.655
"041","S","SN","b",0.234,0.583,7,68,"041_S_b",75,0.0933333333333333,0.817
"041","V","SN","c",0.295,0.323,8,18,"041_V_c",26,0.307692307692308,0.618
"041","S","SN","c",0.498,0.655,23,25,"041_S_c",48,0.479166666666667,1.153
"041","O","SN","c",0.318,0.66,11,21,"041_O_c",32,0.34375,0.978
"041","V","SN","d",0.238,0.441,12,13,"041_V_d",25,0.48,0.679
"041","O","SN","d",0.202,0.392,9,7,"041_O_d",16,0.5625,0.594
"042","O","SN","a",0.157,0.211,14,22,"042_O_a",36,0.388888888888889,0.368
"042","V","SN","a",0.315,0.418,3,21,"042_V_a",24,0.125,0.733
"042","S","SN","a",0.335,0.434,14,14,"042_S_a",28,0.5,0.769
"042","S","SN","b",0.151,0.397,29,16,"042_S_b",45,0.644444444444444,0.548
"042","O","SN","b",0.181,0.232,11,33,"042_O_b",44,0.25,0.413
"042","V","SN","b",0.178,0.315,11,22,"042_V_b",33,0.333333333333333,0.493
"042","V","SN","c",0.285,0.409,12,16,"042_V_c",28,0.428571428571429,0.694
"042","O","SN","c",0.069,0.136,7,23,"042_O_c",30,0.233333333333333,0.205
"042","V","SN","d",0.356,0.393,10,11,"042_V_d",21,0.476190476190476,0.749
"042","S","SN","d",0.591,0.584,5,36,"042_S_d",41,0.121951219512195,1.175
"042","O","SN","d",0.105,0.215,25,32,"042_O_d",57,0.43859649122807,0.32
"043","V","SN","a",0.193,0.36,24,8,"043_V_a",32,0.75,0.553
"043","V","SN","b",0.155,0.376,9,9,"043_V_b",18,0.5,0.531
"043","S","SN","b",0.162,0.314,21,20,"043_S_b",41,0.51219512195122,0.476
"043","O","SN","b",0.093,0.15,8,39,"043_O_b",47,0.170212765957447,0.243
"043","O","SN","c",0.275,0.421,20,14,"043_O_c",34,0.588235294117647,0.696
"043","V","SN","c",0.21,0.382,7,17,"043_V_c",24,0.291666666666667,0.592
"043","S","SN","c",0.318,0.515,18,30,"043_S_c",48,0.375,0.833
"043","O","SN","d",0.48,0.499,12,5,"043_O_d",17,0.705882352941177,0.979
"043","V","SN","d",0.616,0.486,18,46,"043_V_d",64,0.28125,1.102
"043","S","SN","d",0.735,0.643,25,29,"043_S_d",54,0.462962962962963,1.378
"044","O","SN","a",0.403,0.354,11,2,"044_O_a",13,0.846153846153846,0.757
"044","V","SN","a",0.322,0.508,22,16,"044_V_a",38,0.578947368421053,0.83
"044","S","SN","a",0.284,0.366,15,43,"044_S_a",58,0.258620689655172,0.65
"044","O","SN","b",0.267,0.307,5,44,"044_O_b",49,0.102040816326531,0.574
"044","V","SN","b",0.228,0.339,11,17,"044_V_b",28,0.392857142857143,0.567
"044","S","SN","b",0.528,0.365,14,73,"044_S_b",87,0.160919540229885,0.893
"044","S","SN","c",0.418,0.495,15,4,"044_S_c",19,0.789473684210526,0.913
"044","O","SN","c",0.241,0.352,7,13,"044_O_c",20,0.35,0.593
"044","V","SN","c",0.232,0.251,12,24,"044_V_c",36,0.333333333333333,0.483
"044","O","SN","d",0.294,0.517,11,25,"044_O_d",36,0.305555555555556,0.811
"044","V","SN","d",0.365,0.603,5,24,"044_V_d",29,0.172413793103448,0.968
"045","V","SN","a",0.318,0.492,14,6,"045_V_a",20,0.7,0.81
"045","O","SN","a",0.142,0.261,13,8,"045_O_a",21,0.619047619047619,0.403
"045","S","SN","a",0.517,0.569,16,13,"045_S_a",29,0.551724137931034,1.086
"045","O","SN","b",0.166,0.253,13,10,"045_O_b",23,0.565217391304348,0.419
"045","V","SN","b",0.381,0.543,13,17,"045_V_b",30,0.433333333333333,0.924
"045","S","SN","b",0.081,0.296,46,49,"045_S_b",95,0.48421052631579,0.377
"045","O","SN","c",0.251,0.441,26,37,"045_O_c",63,0.412698412698413,0.692
"045","V","SN","c",0.399,0.515,18,10,"045_V_c",28,0.642857142857143,0.914
"045","S","SN","c",0.517,0.532,22,36,"045_S_c",58,0.379310344827586,1.049
"045","O","SN","d",0.245,0.373,14,25,"045_O_d",39,0.358974358974359,0.618
"045","V","SN","d",0.211,0.335,15,31,"045_V_d",46,0.326086956521739,0.546
"046","S","SN","a",0.209,0.255,11,17,"046_S_a",28,0.392857142857143,0.464
"046","V","SN","a",0.395,0.424,26,37,"046_V_a",63,0.412698412698413,0.819
"046","O","SN","a",0.278,0.446,12,2,"046_O_a",14,0.857142857142857,0.724
"046","S","SN","b",0.262,0.34,8,62,"046_S_b",70,0.114285714285714,0.602
"046","O","SN","b",0.154,0.316,5,18,"046_O_b",23,0.217391304347826,0.47
"046","V","SN","b",0.248,0.52,23,11,"046_V_b",34,0.676470588235294,0.768
"046","S","SN","c",0.174,0.469,16,26,"046_S_c",42,0.380952380952381,0.643
"046","V","SN","c",0.218,0.361,14,13,"046_V_c",27,0.518518518518518,0.579
"046","O","SN","c",0.141,0.308,36,26,"046_O_c",62,0.580645161290323,0.449
"046","V","SN","d",0.373,0.515,7,41,"046_V_d",48,0.145833333333333,0.888
"046","O","SN","d",0.321,0.383,9,50,"046_O_d",59,0.152542372881356,0.704
"047","V","SN","a",0.146,0.252,5,9,"047_V_a",14,0.357142857142857,0.398
"047","O","SN","a",0.059,0.223,14,23,"047_O_a",37,0.378378378378378,0.282
"047","O","SN","b",0.184,0.213,16,14,"047_O_b",30,0.533333333333333,0.397
"047","V","SN","b",0.164,0.279,11,6,"047_V_b",17,0.647058823529412,0.443
"047","S","SN","b",0.523,0.549,18,24,"047_S_b",42,0.428571428571429,1.072
"047","S","SN","c",0.496,0.565,20,12,"047_S_c",32,0.625,1.061
"047","V","SN","c",0.324,0.492,9,17,"047_V_c",26,0.346153846153846,0.816
"047","O","SN","c",0.161,0.256,8,63,"047_O_c",71,0.112676056338028,0.417
"047","V","SN","d",0.283,0.548,22,30,"047_V_d",52,0.423076923076923,0.831
"047","O","SN","d",0.198,0.352,49,49,"047_O_d",98,0.5,0.55
"047","S","SN","d",0.327,0.371,25,41,"047_S_d",66,0.378787878787879,0.698
"048","V","SN","a",0.512,0.548,13,17,"048_V_a",30,0.433333333333333,1.06
"048","S","SN","a",0.476,0.456,27,39,"048_S_a",66,0.409090909090909,0.932
"048","O","SN","a",0.238,0.285,11,18,"048_O_a",29,0.379310344827586,0.523
"048","V","SN","b",0.212,0.367,10,5,"048_V_b",15,0.666666666666667,0.579
"048","O","SN","b",0.174,0.393,12,31,"048_O_b",43,0.27906976744186,0.567
"048","S","SN","b",0.554,0.617,18,32,"048_S_b",50,0.36,1.171
"048","O","SN","c",0.247,0.424,7,11,"048_O_c",18,0.388888888888889,0.671
"048","S","SN","c",0.61,0.774,25,24,"048_S_c",49,0.510204081632653,1.384
"048","V","SN","c",0.266,0.332,11,42,"048_V_c",53,0.207547169811321,0.598
"048","O","SN","d",0.342,0.694,12,21,"048_O_d",33,0.363636363636364,1.036
"048","V","SN","d",0.271,0.391,7,19,"048_V_d",26,0.269230769230769,0.662
"049","V","SN","a",0.413,0.537,20,13,"049_V_a",33,0.606060606060606,0.95
"049","O","SN","a",0.206,0.342,17,28,"049_O_a",45,0.377777777777778,0.548
"049","V","SN","b",0.139,0.226,8,15,"049_V_b",23,0.347826086956522,0.365
"049","O","SN","b",0.191,0.34,14,11,"049_O_b",25,0.56,0.531
"049","S","SN","b",0.175,0.366,15,8,"049_S_b",23,0.652173913043478,0.541
"049","O","SN","c",0.072,0.203,11,29,"049_O_c",40,0.275,0.275
"049","V","SN","c",0.314,0.47,9,17,"049_V_c",26,0.346153846153846,0.784
"049","S","SN","c",0.561,0.578,11,25,"049_S_c",36,0.305555555555556,1.139
"049","O","SN","d",0.25,0.406,4,83,"049_O_d",87,0.0459770114942529,0.656
"049","V","SN","d",0.561,0.636,5,36,"049_V_d",41,0.121951219512195,1.197
"050","S","SN","a",0.098,0.19,31,3,"050_S_a",34,0.911764705882353,0.288
"050","V","SN","a",0.334,0.499,11,16,"050_V_a",27,0.407407407407407,0.833
"050","O","SN","a",0.14,0.248,11,6,"050_O_a",17,0.647058823529412,0.388
"050","S","SN","b",0.347,0.474,13,16,"050_S_b",29,0.448275862068966,0.821
"050","V","SN","b",0.324,0.53,7,39,"050_V_b",46,0.152173913043478,0.854
"050","O","SN","b",0.172,0.351,11,7,"050_O_b",18,0.611111111111111,0.523
"050","V","SN","c",0.163,0.35,8,9,"050_V_c",17,0.470588235294118,0.513
"050","O","SN","c",0.247,0.462,20,29,"050_O_c",49,0.408163265306122,0.709
"050","V","SN","d",0.529,0.445,25,19,"050_V_d",44,0.568181818181818,0.974
"050","O","SN","d",0.479,0.605,18,8,"050_O_d",26,0.692307692307692,1.084
"052","S","SN","a",0.405,0.649,9,34,"052_S_a",43,0.209302325581395,1.054
"052","V","SN","a",0.435,0.768,28,86,"052_V_a",114,0.245614035087719,1.203
"052","O","SN","a",0.054,0.131,9,24,"052_O_a",33,0.272727272727273,0.185
"052","O","SN","b",0.393,0.552,11,14,"052_O_b",25,0.44,0.945
"052","S","SN","b",0.305,0.747,17,9,"052_S_b",26,0.653846153846154,1.052
"052","V","SN","b",0.275,0.489,17,25,"052_V_b",42,0.404761904761905,0.764
"052","S","SN","c",0.305,0.689,12,44,"052_S_c",56,0.214285714285714,0.994
"052","V","SN","c",0.222,0.403,29,38,"052_V_c",67,0.432835820895522,0.625
"052","O","SN","c",0.74,0.644,28,47,"052_O_c",75,0.373333333333333,1.384
"052","V","SN","d",0.159,0.275,14,27,"052_V_d",41,0.341463414634146,0.434
"052","O","SN","d",0.29,0.609,33,33,"052_O_d",66,0.5,0.899
"053","V","SN","a",0.262,0.375,15,17,"053_V_a",32,0.46875,0.637
"053","S","SN","a",0.316,0.503,35,7,"053_S_a",42,0.833333333333333,0.819
"053","O","SN","a",0.108,0.195,11,85,"053_O_a",96,0.114583333333333,0.303
"053","S","SN","b",0.342,0.709,35,23,"053_S_b",58,0.603448275862069,1.051
"053","O","SN","b",0.215,0.435,29,51,"053_O_b",80,0.3625,0.65
"053","S","SN","c",0.445,0.72,45,65,"053_S_c",110,0.409090909090909,1.165
"053","V","SN","c",0.283,0.5,18,42,"053_V_c",60,0.3,0.783
"053","O","SN","c",0.406,0.557,14,35,"053_O_c",49,0.285714285714286,0.963
"053","V","SN","d",0.289,0.482,20,15,"053_V_d",35,0.571428571428571,0.771
"053","O","SN","d",0.308,0.601,35,42,"053_O_d",77,0.454545454545455,0.909
"054","S","SN","a",0.264,0.466,12,23,"054_S_a",35,0.342857142857143,0.73
"054","O","SN","a",0.116,0.232,23,37,"054_O_a",60,0.383333333333333,0.348
"054","V","SN","a",0.118,0.271,23,19,"054_V_a",42,0.547619047619048,0.389
"054","O","SN","b",0.027,0.128,5,42,"054_O_b",47,0.106382978723404,0.155
"054","V","SN","b",0.097,0.259,19,21,"054_V_b",40,0.475,0.356
"054","S","SN","b",0.125,0.368,12,20,"054_S_b",32,0.375,0.493
"054","V","SN","c",0.227,0.492,41,81,"054_V_c",122,0.336065573770492,0.719
"054","O","SN","c",0.254,0.563,20,202,"054_O_c",222,0.0900900900900901,0.817
"054","S","SN","c",0.426,0.539,23,48,"054_S_c",71,0.323943661971831,0.965
"054","V","SN","d",0.269,0.561,11,20,"054_V_d",31,0.354838709677419,0.83
"054","O","SN","d",0.085,0.171,11,32,"054_O_d",43,0.255813953488372,0.256
"055","V","SN","a",0.313,0.463,11,7,"055_V_a",18,0.611111111111111,0.776
"055","O","SN","a",0.261,0.326,10,11,"055_O_a",21,0.476190476190476,0.587
"055","S","SN","a",0.442,0.565,21,15,"055_S_a",36,0.583333333333333,1.007
"055","O","SN","b",0.169,0.238,9,31,"055_O_b",40,0.225,0.407
"055","V","SN","b",0.243,0.365,8,14,"055_V_b",22,0.363636363636364,0.608
"055","S","SN","b",0.366,0.622,22,36,"055_S_b",58,0.379310344827586,0.988
"055","S","SN","c",0.375,0.509,21,81,"055_S_c",102,0.205882352941176,0.884
"055","V","SN","c",0.376,0.603,8,5,"055_V_c",13,0.615384615384615,0.979
"055","O","SN","c",0.187,0.381,9,3,"055_O_c",12,0.75,0.568
"055","V","SN","d",0.322,0.415,11,20,"055_V_d",31,0.354838709677419,0.737
"055","O","SN","d",0.283,0.433,15,19,"055_O_d",34,0.441176470588235,0.716
"056","V","SN","a",0.398,0.393,19,10,"056_V_a",29,0.655172413793103,0.791
"056","S","SN","a",0.196,0.467,10,4,"056_S_a",14,0.714285714285714,0.663
"056","O","SN","a",0.294,0.503,24,17,"056_O_a",41,0.585365853658537,0.797
"056","S","SN","b",0.383,0.476,1,11,"056_S_b",12,0.0833333333333333,0.859
"056","O","SN","b",0.071,0.202,9,5,"056_O_b",14,0.642857142857143,0.273
"056","V","SN","b",0.184,0.279,28,18,"056_V_b",46,0.608695652173913,0.463
"056","S","SN","c",0.542,0.581,13,7,"056_S_c",20,0.65,1.123
"056","V","SN","c",0.303,0.512,10,20,"056_V_c",30,0.333333333333333,0.815
"056","O","SN","c",0.234,0.413,5,3,"056_O_c",8,0.625,0.647
"056","V","SN","d",0.381,0.507,7,13,"056_V_d",20,0.35,0.888
"056","O","SN","d",0.314,0.422,16,3,"056_O_d",19,0.842105263157895,0.736
"057","V","SN","a",0.258,0.438,14,21,"057_V_a",35,0.4,0.696
"057","S","SN","a",0.421,0.501,59,36,"057_S_a",95,0.621052631578947,0.922
"057","O","SN","a",0.187,0.346,22,24,"057_O_a",46,0.478260869565217,0.533
"057","V","SN","b",0.217,0.325,5,48,"057_V_b",53,0.0943396226415094,0.542
"057","S","SN","b",0.495,0.955,23,20,"057_S_b",43,0.534883720930233,1.45
"057","O","SN","b",0.141,0.283,6,2,"057_O_b",8,0.75,0.424
"057","S","SN","c",0.376,0.631,16,75,"057_S_c",91,0.175824175824176,1.007
"057","O","SN","c",0.142,0.308,20,25,"057_O_c",45,0.444444444444444,0.45
"057","V","SN","c",0.225,0.594,32,19,"057_V_c",51,0.627450980392157,0.819
"057","V","SN","d",0.265,0.392,25,5,"057_V_d",30,0.833333333333333,0.657
"057","O","SN","d",0.2,0.323,12,4,"057_O_d",16,0.75,0.523
"058","V","SN","a",0.154,0.419,5,11,"058_V_a",16,0.3125,0.573
"058","S","SN","a",0.283,0.368,14,8,"058_S_a",22,0.636363636363636,0.651
"058","O","SN","a",0.4,0.579,16,32,"058_O_a",48,0.333333333333333,0.979
"058","V","SN","b",0.277,0.537,10,20,"058_V_b",30,0.333333333333333,0.814
"058","O","SN","b",0.3,0.355,13,4,"058_O_b",17,0.764705882352941,0.655
"058","S","SN","b",0.106,0.285,6,15,"058_S_b",21,0.285714285714286,0.391
"058","O","SN","c",0.382,0.497,10,46,"058_O_c",56,0.178571428571429,0.879
"058","S","SN","c",0.479,0.681,13,25,"058_S_c",38,0.342105263157895,1.16
"058","V","SN","c",0.391,0.587,23,35,"058_V_c",58,0.396551724137931,0.978
"058","V","SN","d",0.168,0.21,13,15,"058_V_d",28,0.464285714285714,0.378
"058","O","SN","d",0.381,0.44,11,38,"058_O_d",49,0.224489795918367,0.821
"059","S","SN","a",0.113,0.28,15,27,"059_S_a",42,0.357142857142857,0.393
"059","V","SN","a",0.175,0.406,13,12,"059_V_a",25,0.52,0.581
"059","O","SN","a",0.32,0.292,10,26,"059_O_a",36,0.277777777777778,0.612
"059","S","SN","b",0.316,0.498,14,32,"059_S_b",46,0.304347826086957,0.814
"059","O","SN","b",0.088,0.171,5,4,"059_O_b",9,0.555555555555556,0.259
"059","V","SN","b",0.254,0.486,16,59,"059_V_b",75,0.213333333333333,0.74
"059","V","SN","c",0.164,0.371,8,52,"059_V_c",60,0.133333333333333,0.535
"059","O","SN","c",0.156,0.219,14,38,"059_O_c",52,0.269230769230769,0.375
"059","S","SN","c",0.511,0.693,17,69,"059_S_c",86,0.197674418604651,1.204
"059","O","SN","d",0.456,0.427,8,19,"059_O_d",27,0.296296296296296,0.883
"059","V","SN","d",0.138,0.378,12,19,"059_V_d",31,0.387096774193548,0.516
"060","S","SN","a",0.223,0.424,11,23,"060_S_a",34,0.323529411764706,0.647
"060","O","SN","a",0.269,0.503,29,31,"060_O_a",60,0.483333333333333,0.772
"060","V","SN","a",0.147,0.331,3,53,"060_V_a",56,0.0535714285714286,0.478
"060","O","SN","b",0.236,0.446,14,36,"060_O_b",50,0.28,0.682
"060","V","SN","b",0.09,0.228,9,12,"060_V_b",21,0.428571428571429,0.318
"060","S","SN","b",0.305,0.434,18,32,"060_S_b",50,0.36,0.739
"060","O","SN","c",0.178,0.316,23,13,"060_O_c",36,0.638888888888889,0.494
"060","S","SN","c",0.398,0.405,10,36,"060_S_c",46,0.217391304347826,0.803
"060","V","SN","c",0.149,0.349,4,29,"060_V_c",33,0.121212121212121,0.498
"060","O","SN","d",0.072,0.113,6,10,"060_O_d",16,0.375,0.185
"060","V","SN","d",0.13,0.295,7,46,"060_V_d",53,0.132075471698113,0.425
"062","O","VL","a",0.094,0.165,4,11,"062_O_a",15,0.266666666666667,0.259
"062","S","VL","a",0.186,0.298,16,19,"062_S_a",35,0.457142857142857,0.484
"062","V","VL","b",0.102,0.246,10,29,"062_V_b",39,0.256410256410256,0.348
"062","O","VL","b",0.142,0.234,11,10,"062_O_b",21,0.523809523809524,0.376
"062","S","VL","b",0.125,0.233,15,51,"062_S_b",66,0.227272727272727,0.358
"062","O","VL","c",0.153,0.322,16,41,"062_O_c",57,0.280701754385965,0.475
"062","S","VL","c",0.393,0.716,28,9,"062_S_c",37,0.756756756756757,1.109
"062","V","VL","c",0.094,0.485,16,22,"062_V_c",38,0.421052631578947,0.579
"062","O","VL","d",0.314,0.352,7,33,"062_O_d",40,0.175,0.666
"062","V","VL","d",0.167,0.422,7,54,"062_V_d",61,0.114754098360656,0.589
"063","S","VL","a",0.333,0.49,18,28,"063_S_a",46,0.391304347826087,0.823
"063","V","VL","a",0.125,0.319,8,11,"063_V_a",19,0.421052631578947,0.444
"063","O","VL","a",0.191,0.385,19,21,"063_O_a",40,0.475,0.576
"063","S","VL","b",0.299,0.398,30,16,"063_S_b",46,0.652173913043478,0.697
"063","V","VL","b",0.102,0.212,7,1,"063_V_b",8,0.875,0.314
"063","O","VL","b",0.272,0.558,15,14,"063_O_b",29,0.517241379310345,0.83
"063","S","VL","c",0.518,0.621,30,13,"063_S_c",43,0.697674418604651,1.139
"063","O","VL","c",0.26,0.505,14,42,"063_O_c",56,0.25,0.765
"063","V","VL","c",0.293,0.488,21,57,"063_V_c",78,0.269230769230769,0.781
"063","V","VL","d",0.054,0.118,11,20,"063_V_d",31,0.354838709677419,0.172
"063","O","VL","d",0.313,0.463,19,38,"063_O_d",57,0.333333333333333,0.776
"064","O","VL","a",0.34,0.351,3,11,"064_O_a",14,0.214285714285714,0.691
"064","S","VL","a",0.151,0.276,10,22,"064_S_a",32,0.3125,0.427
"064","V","VL","a",0.164,0.367,12,35,"064_V_a",47,0.25531914893617,0.531
"064","S","VL","b",0.221,0.335,15,13,"064_S_b",28,0.535714285714286,0.556
"064","V","VL","b",0.054,0.195,4,36,"064_V_b",40,0.1,0.249
"064","O","VL","b",0.167,0.398,8,17,"064_O_b",25,0.32,0.565
"064","V","VL","c",0.242,0.46,11,14,"064_V_c",25,0.44,0.702
"064","O","VL","c",0.159,0.264,9,11,"064_O_c",20,0.45,0.423
"064","S","VL","c",0.416,0.434,10,30,"064_S_c",40,0.25,0.85
"064","V","VL","d",0.122,0.186,8,36,"064_V_d",44,0.181818181818182,0.308
"064","S","VL","d",0.174,0.194,7,63,"064_S_d",70,0.1,0.368
"064","O","VL","d",0.377,0.682,14,19,"064_O_d",33,0.424242424242424,1.059
"065","S","VL","a",0.015,0.037,3,14,"065_S_a",17,0.176470588235294,0.052
"065","O","VL","a",0.351,0.477,23,17,"065_O_a",40,0.575,0.828
"065","V","VL","a",0.946,0.521,11,68,"065_V_a",79,0.139240506329114,1.467
"065","S","VL","b",0.355,0.392,19,30,"065_S_b",49,0.387755102040816,0.747
"065","V","VL","b",0.124,0.342,11,36,"065_V_b",47,0.234042553191489,0.466
"065","O","VL","b",0.185,0.318,13,11,"065_O_b",24,0.541666666666667,0.503
"065","O","VL","c",0.216,0.339,14,63,"065_O_c",77,0.181818181818182,0.555
"065","V","VL","c",0.109,0.237,6,29,"065_V_c",35,0.171428571428571,0.346
"065","S","VL","c",0.51,0.511,12,58,"065_S_c",70,0.171428571428571,1.021
"065","V","VL","d",0.265,0.3,12,21,"065_V_d",33,0.363636363636364,0.565
"065","O","VL","d",0.33,0.407,33,30,"065_O_d",63,0.523809523809524,0.737
"067","V","VL","a",0.143,0.354,12,27,"067_V_a",39,0.307692307692308,0.497
"067","O","VL","a",0.251,0.265,17,44,"067_O_a",61,0.278688524590164,0.516
"067","S","VL","a",0.229,0.347,11,15,"067_S_a",26,0.423076923076923,0.576
"067","S","VL","b",0.339,0.511,14,49,"067_S_b",63,0.222222222222222,0.85
"067","O","VL","b",0.213,0.292,16,33,"067_O_b",49,0.326530612244898,0.505
"067","V","VL","b",0.143,0.229,10,24,"067_V_b",34,0.294117647058824,0.372
"067","V","VL","c",0.218,0.462,15,14,"067_V_c",29,0.517241379310345,0.68
"067","O","VL","c",0.073,0.087,16,47,"067_O_c",63,0.253968253968254,0.16
"067","V","VL","d",0.11,0.211,10,20,"067_V_d",30,0.333333333333333,0.321
"067","O","VL","d",0.182,0.245,20,48,"067_O_d",68,0.294117647058824,0.427
"068","V","VL","a",0.447,0.648,12,13,"068_V_a",25,0.48,1.095
"068","S","VL","a",0.501,0.615,17,57,"068_S_a",74,0.22972972972973,1.116
"068","O","VL","a",0.397,0.572,11,10,"068_O_a",21,0.523809523809524,0.969
"068","O","VL","b",0.237,0.325,8,25,"068_O_b",33,0.242424242424242,0.562
"068","V","VL","b",0.284,0.472,13,27,"068_V_b",40,0.325,0.756
"068","S","VL","b",0.667,0.533,16,19,"068_S_b",35,0.457142857142857,1.2
"068","V","VL","c",0.199,0.396,20,25,"068_V_c",45,0.444444444444444,0.595
"068","O","VL","c",0.383,0.368,9,36,"068_O_c",45,0.2,0.751
"068","O","VL","d",0.433,0.694,19,14,"068_O_d",33,0.575757575757576,1.127
"068","S","VL","d",0.686,0.669,17,14,"068_S_d",31,0.548387096774194,1.355
"068","V","VL","d",0.418,0.442,15,19,"068_V_d",34,0.441176470588235,0.86
"069","O","VL","a",0.078,0.164,8,45,"069_O_a",53,0.150943396226415,0.242
"069","V","VL","a",0.074,0.184,6,4,"069_V_a",10,0.6,0.258
"069","S","VL","a",0.41,0.421,42,75,"069_S_a",117,0.358974358974359,0.831
"069","S","VL","b",0.112,0.244,6,30,"069_S_b",36,0.166666666666667,0.356
"069","V","VL","b",0.156,0.279,8,2,"069_V_b",10,0.8,0.435
"069","O","VL","b",0.045,0.106,5,15,"069_O_b",20,0.25,0.151
"069","O","VL","c",0.196,0.422,16,19,"069_O_c",35,0.457142857142857,0.618
"069","S","VL","c",0.361,0.425,31,59,"069_S_c",90,0.344444444444444,0.786
"069","V","VL","c",0.203,0.384,14,22,"069_V_c",36,0.388888888888889,0.587
"069","O","VL","d",0.105,0.251,11,36,"069_O_d",47,0.234042553191489,0.356
"069","V","VL","d",0.34,0.424,8,41,"069_V_d",49,0.163265306122449,0.764
"070","O","VL","a",0.196,0.271,7,16,"070_O_a",23,0.304347826086957,0.467
"070","S","VL","a",0.323,0.495,14,39,"070_S_a",53,0.264150943396226,0.818
"070","V","VL","a",0.162,0.325,3,31,"070_V_a",34,0.0882352941176471,0.487
"070","V","VL","b",0.063,0.15,4,107,"070_V_b",111,0.036036036036036,0.213
"070","O","VL","b",0.151,0.367,24,7,"070_O_b",31,0.774193548387097,0.518
"070","S","VL","b",0.161,0.221,14,32,"070_S_b",46,0.304347826086957,0.382
"070","O","VL","c",0.165,0.296,17,71,"070_O_c",88,0.193181818181818,0.461
"070","V","VL","c",0.238,0.314,13,22,"070_V_c",35,0.371428571428571,0.552
"070","S","VL","c",0.311,0.3,20,8,"070_S_c",28,0.714285714285714,0.611
"070","O","VL","d",0.357,0.48,16,25,"070_O_d",41,0.390243902439024,0.837
"070","V","VL","d",0.377,0.634,12,4,"070_V_d",16,0.75,1.011
"071","O","VL","a",0.202,0.389,16,37,"071_O_a",53,0.30188679245283,0.591
"071","V","VL","a",0.109,0.162,11,30,"071_V_a",41,0.268292682926829,0.271
"071","S","VL","a",0.25,0.227,14,18,"071_S_a",32,0.4375,0.477
"071","S","VL","b",0.12,0.345,16,25,"071_S_b",41,0.390243902439024,0.465
"071","O","VL","b",0.034,0.162,13,19,"071_O_b",32,0.40625,0.196
"071","V","VL","b",0.175,0.381,9,8,"071_V_b",17,0.529411764705882,0.556
"071","S","VL","c",0.167,0.308,11,35,"071_S_c",46,0.239130434782609,0.475
"071","V","VL","c",0.06,0.17,9,12,"071_V_c",21,0.428571428571429,0.23
"071","O","VL","c",0.144,0.218,9,34,"071_O_c",43,0.209302325581395,0.362
"071","O","VL","d",0.237,0.276,12,10,"071_O_d",22,0.545454545454545,0.513
"071","V","VL","d",0.359,0.553,18,8,"071_V_d",26,0.692307692307692,0.912
"072","S","VL","a",0.484,0.539,10,47,"072_S_a",57,0.175438596491228,1.023
"072","O","VL","a",0.106,0.179,6,17,"072_O_a",23,0.260869565217391,0.285
"072","V","VL","a",0.077,0.221,9,22,"072_V_a",31,0.290322580645161,0.298
"072","V","VL","b",0.177,0.317,10,13,"072_V_b",23,0.434782608695652,0.494
"072","S","VL","b",0.169,0.453,10,53,"072_S_b",63,0.158730158730159,0.622
"072","O","VL","b",0.182,0.389,10,10,"072_O_b",20,0.5,0.571
"072","V","VL","c",0.104,0.251,16,35,"072_V_c",51,0.313725490196078,0.355
"072","O","VL","c",0.155,0.372,23,27,"072_O_c",50,0.46,0.527
"072","S","VL","c",0.353,0.44,16,42,"072_S_c",58,0.275862068965517,0.793
"072","O","VL","d",0.094,0.148,15,28,"072_O_d",43,0.348837209302326,0.242
"072","V","VL","d",0.106,0.389,13,31,"072_V_d",44,0.295454545454545,0.495
"073","O","VL","a",0.155,0.156,24,31,"073_O_a",55,0.436363636363636,0.311
"073","S","VL","a",0.125,0.228,9,5,"073_S_a",14,0.642857142857143,0.353
"073","V","VL","a",0.184,0.344,9,11,"073_V_a",20,0.45,0.528
"073","V","VL","b",0.094,0.153,10,10,"073_V_b",20,0.5,0.247
"073","S","VL","b",0.313,0.464,14,15,"073_S_b",29,0.482758620689655,0.777
"073","O","VL","b",0.268,0.318,17,25,"073_O_b",42,0.404761904761905,0.586
"073","V","VL","c",0.136,0.284,26,5,"073_V_c",31,0.838709677419355,0.42
"073","O","VL","c",0.289,0.435,19,15,"073_O_c",34,0.558823529411765,0.724
"073","S","VL","d",0.499,0.657,15,13,"073_S_d",28,0.535714285714286,1.156
"073","V","VL","d",0.389,0.446,18,15,"073_V_d",33,0.545454545454545,0.835
"073","O","VL","d",0.319,0.47,16,14,"073_O_d",30,0.533333333333333,0.789
"074","O","VL","a",0.237,0.389,28,49,"074_O_a",77,0.363636363636364,0.626
"074","V","VL","a",0.401,0.467,18,73,"074_V_a",91,0.197802197802198,0.868
"074","S","VL","a",0.332,0.397,15,22,"074_S_a",37,0.405405405405405,0.729
"074","O","VL","b",0.033,0.123,6,30,"074_O_b",36,0.166666666666667,0.156
"074","S","VL","b",0.243,0.144,17,33,"074_S_b",50,0.34,0.387
"074","V","VL","b",0.051,0.404,12,65,"074_V_b",77,0.155844155844156,0.455
"074","V","VL","c",0.304,0.429,11,18,"074_V_c",29,0.379310344827586,0.733
"074","S","VL","c",0.115,0.278,9,23,"074_S_c",32,0.28125,0.393
"074","O","VL","c",0.163,0.288,14,23,"074_O_c",37,0.378378378378378,0.451
"074","O","VL","d",0.128,0.389,15,35,"074_O_d",50,0.3,0.517
"074","S","VL","d",0.094,0.289,8,36,"074_S_d",44,0.181818181818182,0.383
"074","V","VL","d",0.187,0.491,22,21,"074_V_d",43,0.511627906976744,0.678
"075","V","VL","a",0.157,0.248,12,29,"075_V_a",41,0.292682926829268,0.405
"075","O","VL","a",0.458,0.651,31,57,"075_O_a",88,0.352272727272727,1.109
"075","S","VL","a",0.491,0.66,28,48,"075_S_a",76,0.368421052631579,1.151
"075","S","VL","b",0.045,0.069,8,20,"075_S_b",28,0.285714285714286,0.114
"075","V","VL","b",0.293,0.433,20,20,"075_V_b",40,0.5,0.726
"075","O","VL","b",0.191,0.484,10,19,"075_O_b",29,0.344827586206897,0.675
"075","O","VL","c",0.229,0.428,7,13,"075_O_c",20,0.35,0.657
"075","V","VL","c",0.027,0.045,5,3,"075_V_c",8,0.625,0.072
"075","V","VL","d",0.09,0.21,14,10,"075_V_d",24,0.583333333333333,0.3
"075","O","VL","d",0.358,0.572,13,16,"075_O_d",29,0.448275862068966,0.93
"076","S","VL","a",0.2,0.342,3,64,"076_S_a",67,0.0447761194029851,0.542
"076","V","VL","a",0.636,0.626,11,71,"076_V_a",82,0.134146341463415,1.262
"076","O","VL","a",0.441,0.435,52,9,"076_O_a",61,0.852459016393443,0.876
"076","O","VL","b",0.098,0.213,18,55,"076_O_b",73,0.246575342465753,0.311
"076","S","VL","b",0.178,0.33,15,29,"076_S_b",44,0.340909090909091,0.508
"076","V","VL","b",0.121,0.293,9,26,"076_V_b",35,0.257142857142857,0.414
"076","V","VL","c",0.035,0.105,3,21,"076_V_c",24,0.125,0.14
"076","O","VL","c",0.142,0.339,46,82,"076_O_c",128,0.359375,0.481
"076","S","VL","c",0.418,0.495,11,54,"076_S_c",65,0.169230769230769,0.913
"076","S","VL","d",0.139,0.266,12,54,"076_S_d",66,0.181818181818182,0.405
"076","V","VL","d",0.264,0.385,15,40,"076_V_d",55,0.272727272727273,0.649
"076","O","VL","d",0.341,0.458,16,32,"076_O_d",48,0.333333333333333,0.799
"077","V","VL","a",0.121,0.25,7,79,"077_V_a",86,0.0813953488372093,0.371
"077","O","VL","a",0.015,0.041,3,5,"077_O_a",8,0.375,0.056
"077","S","VL","a",0.415,0.696,34,31,"077_S_a",65,0.523076923076923,1.111
"077","O","VL","b",0.052,0.177,5,72,"077_O_b",77,0.0649350649350649,0.229
"077","V","VL","b",0.029,0.158,10,27,"077_V_b",37,0.27027027027027,0.187
"077","S","VL","b",0.18,0.392,12,27,"077_S_b",39,0.307692307692308,0.572
"077","O","VL","c",0.219,0.43,13,46,"077_O_c",59,0.220338983050847,0.649
"077","S","VL","c",0.077,0.169,9,39,"077_S_c",48,0.1875,0.246
"077","V","VL","c",0.089,0.233,19,29,"077_V_c",48,0.395833333333333,0.322
"077","O","VL","d",0.496,0.495,19,8,"077_O_d",27,0.703703703703704,0.991
"077","V","VL","d",0.151,0.318,10,65,"077_V_d",75,0.133333333333333,0.469
"078","O","VL","a",0.392,0.489,10,18,"078_O_a",28,0.357142857142857,0.881
"078","V","VL","a",0.213,0.265,4,20,"078_V_a",24,0.166666666666667,0.478
"078","O","VL","b",0.347,0.598,30,39,"078_O_b",69,0.434782608695652,0.945
"078","V","VL","b",0.258,0.409,16,12,"078_V_b",28,0.571428571428571,0.667
"078","S","VL","b",0.541,0.574,8,17,"078_S_b",25,0.32,1.115
"078","O","VL","c",0.267,0.706,11,9,"078_O_c",20,0.55,0.973
"078","S","VL","c",0.192,0.308,8,70,"078_S_c",78,0.102564102564103,0.5
"078","V","VL","c",0.417,0.59,6,32,"078_V_c",38,0.157894736842105,1.007
"078","V","VL","d",0.179,0.425,7,21,"078_V_d",28,0.25,0.604
"078","S","VL","d",0.172,0.35,15,12,"078_S_d",27,0.555555555555556,0.522
"078","O","VL","d",0.357,0.39,8,53,"078_O_d",61,0.131147540983607,0.747
"079","V","VL","a",0.24,0.36,12,29,"079_V_a",41,0.292682926829268,0.6
"079","S","VL","a",0.16,0.216,6,72,"079_S_a",78,0.0769230769230769,0.376
"079","O","VL","a",0.18,0.283,12,45,"079_O_a",57,0.210526315789474,0.463
"079","S","VL","b",0.371,0.47,15,41,"079_S_b",56,0.267857142857143,0.841
"079","V","VL","b",0.076,0.151,6,3,"079_V_b",9,0.666666666666667,0.227
"079","O","VL","b",0.157,0.252,8,56,"079_O_b",64,0.125,0.409
"079","V","VL","c",0.389,0.564,14,17,"079_V_c",31,0.451612903225806,0.953
"079","O","VL","c",0.186,0.219,5,84,"079_O_c",89,0.0561797752808989,0.405
"079","S","VL","c",0.145,0.244,16,35,"079_S_c",51,0.313725490196078,0.389
"079","V","VL","d",0.077,0.169,12,30,"079_V_d",42,0.285714285714286,0.246
"079","O","VL","d",0.026,0.059,4,10,"079_O_d",14,0.285714285714286,0.085
"080","S","VL","a",0.512,0.508,9,21,"080_S_a",30,0.3,1.02
"080","O","VL","a",0.035,0.102,9,0,"080_O_a",9,1,0.137
"080","V","VL","a",0.338,0.481,14,34,"080_V_a",48,0.291666666666667,0.819
"080","S","VL","b",0.484,0.767,15,34,"080_S_b",49,0.306122448979592,1.251
"080","V","VL","b",0.1,0.27,21,23,"080_V_b",44,0.477272727272727,0.37
"080","O","VL","b",0.184,0.415,14,20,"080_O_b",34,0.411764705882353,0.599
"080","S","VL","c",0.411,0.574,26,56,"080_S_c",82,0.317073170731707,0.985
"080","O","VL","c",0.267,0.353,15,10,"080_O_c",25,0.6,0.62
"080","V","VL","c",0.314,0.566,14,22,"080_V_c",36,0.388888888888889,0.88
"080","V","VL","d",0.141,0.292,16,11,"080_V_d",27,0.592592592592593,0.433
"081","O","VL","a",0.029,0.053,0,66,"081_O_a",66,0,0.082
"081","S","VL","a",0.036,0.076,5,39,"081_S_a",44,0.113636363636364,0.112
"081","V","VL","a",0.06,0.064,5,31,"081_V_a",36,0.138888888888889,0.124
"081","O","VL","b",0.024,0.065,0,38,"081_O_b",38,0,0.089
"081","V","VL","b",0.057,0.087,3,59,"081_V_b",62,0.0483870967741935,0.144
"081","S","VL","b",0.138,0.235,7,48,"081_S_b",55,0.127272727272727,0.373
"081","S","VL","c",0.039,0.103,4,48,"081_S_c",52,0.0769230769230769,0.142
"081","O","VL","c",0.062,0.122,17,27,"081_O_c",44,0.386363636363636,0.184
"081","V","VL","c",0.051,0.059,1,61,"081_V_c",62,0.0161290322580645,0.11
"081","O","VL","d",0.054,0.086,5,44,"081_O_d",49,0.102040816326531,0.14
"082","V","VL","a",0.167,0.238,6,45,"082_V_a",51,0.117647058823529,0.405
"082","S","VL","a",0.229,0.332,33,44,"082_S_a",77,0.428571428571429,0.561
"082","O","VL","a",0.12,0.162,8,54,"082_O_a",62,0.129032258064516,0.282
"082","O","VL","b",0.282,0.362,11,32,"082_O_b",43,0.255813953488372,0.644
"082","V","VL","b",0.102,0.164,5,83,"082_V_b",88,0.0568181818181818,0.266
"082","V","VL","c",0.295,0.414,11,80,"082_V_c",91,0.120879120879121,0.709
"082","O","VL","c",0.195,0.373,10,32,"082_O_c",42,0.238095238095238,0.568
"082","S","VL","c",0.196,0.256,11,11,"082_S_c",22,0.5,0.452
"082","V","VL","d",0.206,0.429,27,43,"082_V_d",70,0.385714285714286,0.635
"082","O","VL","d",0.317,0.403,0,72,"082_O_d",72,0,0.72
"083","S","VL","a",0.182,0.363,11,17,"083_S_a",28,0.392857142857143,0.545
"083","V","VL","a",0.193,0.388,14,25,"083_V_a",39,0.358974358974359,0.581
"083","O","VL","a",0.142,0.299,13,25,"083_O_a",38,0.342105263157895,0.441
"083","S","VL","b",0.255,0.443,17,28,"083_S_b",45,0.377777777777778,0.698
"083","V","VL","b",0.26,0.546,23,44,"083_V_b",67,0.343283582089552,0.806
"083","O","VL","b",0.119,0.268,19,7,"083_O_b",26,0.730769230769231,0.387
"083","V","VL","c",0.053,0.179,12,52,"083_V_c",64,0.1875,0.232
"083","O","VL","c",0.119,0.293,13,15,"083_O_c",28,0.464285714285714,0.412
"083","S","VL","d",0.507,0.553,15,22,"083_S_d",37,0.405405405405405,1.06
"083","O","VL","d",0.646,0.612,18,30,"083_O_d",48,0.375,1.258
"083","V","VL","d",0.278,0.437,11,28,"083_V_d",39,0.282051282051282,0.715
"084","S","VL","a",0.351,0.459,16,27,"084_S_a",43,0.372093023255814,0.81
"084","V","VL","a",0.112,0.288,12,25,"084_V_a",37,0.324324324324324,0.4
"084","O","VL","a",0.332,0.566,21,12,"084_O_a",33,0.636363636363636,0.898
"084","S","VL","b",0.253,0.332,7,43,"084_S_b",50,0.14,0.585
"084","O","VL","b",0.26,0.255,11,9,"084_O_b",20,0.55,0.515
"084","V","VL","b",0.028,0.104,7,10,"084_V_b",17,0.411764705882353,0.132
"084","V","VL","c",0.156,0.285,12,51,"084_V_c",63,0.19047619047619,0.441
"084","S","VL","c",0.072,0.222,12,16,"084_S_c",28,0.428571428571429,0.294
"084","O","VL","c",0.196,0.327,12,76,"084_O_c",88,0.136363636363636,0.523
"084","O","VL","d",0.441,0.572,22,25,"084_O_d",47,0.468085106382979,1.013
"084","V","VL","d",0.429,0.5,12,21,"084_V_d",33,0.363636363636364,0.929
"085","O","VL","a",0.24,0.415,8,4,"085_O_a",12,0.666666666666667,0.655
"085","V","VL","a",0.185,0.29,10,41,"085_V_a",51,0.196078431372549,0.475
"085","S","VL","a",0.443,0.567,17,80,"085_S_a",97,0.175257731958763,1.01
"085","V","VL","b",0.185,0.343,23,17,"085_V_b",40,0.575,0.528
"085","S","VL","b",0.307,0.431,19,25,"085_S_b",44,0.431818181818182,0.738
"085","O","VL","b",0.314,0.495,14,48,"085_O_b",62,0.225806451612903,0.809
"085","V","VL","c",0.105,0.148,14,37,"085_V_c",51,0.274509803921569,0.253
"085","S","VL","c",0.376,0.414,9,21,"085_S_c",30,0.3,0.79
"085","O","VL","c",0.35,0.532,17,72,"085_O_c",89,0.191011235955056,0.882
"085","V","VL","d",0.028,0.06,3,53,"085_V_d",56,0.0535714285714286,0.088
"085","O","VL","d",0.135,0.431,35,42,"085_O_d",77,0.454545454545455,0.566
"086","V","VL","a",0.135,0.254,5,35,"086_V_a",40,0.125,0.389
"086","S","VL","a",0.502,0.452,11,11,"086_S_a",22,0.5,0.954
"086","O","VL","a",0.289,0.436,13,2,"086_O_a",15,0.866666666666667,0.725
"086","S","VL","b",0.412,0.454,14,17,"086_S_b",31,0.451612903225806,0.866
"086","V","VL","b",0.243,0.392,10,9,"086_V_b",19,0.526315789473684,0.635
"086","O","VL","b",0.253,0.444,23,17,"086_O_b",40,0.575,0.697
"086","O","VL","c",0.316,0.436,7,41,"086_O_c",48,0.145833333333333,0.752
"086","S","VL","c",0.305,0.427,21,50,"086_S_c",71,0.295774647887324,0.732
"086","V","VL","c",0.091,0.201,13,22,"086_V_c",35,0.371428571428571,0.292
"086","V","VL","d",0.106,0.233,11,29,"086_V_d",40,0.275,0.339
"086","O","VL","d",0.261,0.278,17,17,"086_O_d",34,0.5,0.539
"087","S","VL","a",0.251,0.385,15,37,"087_S_a",52,0.288461538461538,0.636
"087","O","VL","a",0.283,0.478,25,29,"087_O_a",54,0.462962962962963,0.761
"087","V","VL","a",0.196,0.384,15,21,"087_V_a",36,0.416666666666667,0.58
"087","S","VL","b",0.41,0.546,18,45,"087_S_b",63,0.285714285714286,0.956
"087","O","VL","b",0.265,0.556,20,11,"087_O_b",31,0.645161290322581,0.821
"087","V","VL","b",0.236,0.377,12,7,"087_V_b",19,0.631578947368421,0.613
"087","V","VL","c",0.435,0.558,16,95,"087_V_c",111,0.144144144144144,0.993
"087","O","VL","c",0.169,0.369,10,5,"087_O_c",15,0.666666666666667,0.538
"087","S","VL","c",0.257,0.246,5,86,"087_S_c",91,0.0549450549450549,0.503
"087","V","VL","d",0.38,0.51,14,68,"087_V_d",82,0.170731707317073,0.89
"088","V","VL","a",0.078,0.199,6,15,"088_V_a",21,0.285714285714286,0.277
"088","S","VL","a",0.279,0.458,15,11,"088_S_a",26,0.576923076923077,0.737
"088","S","VL","b",0.378,0.596,25,21,"088_S_b",46,0.543478260869565,0.974
"088","O","VL","b",0.198,0.3,12,8,"088_O_b",20,0.6,0.498
"088","V","VL","b",0.275,0.364,11,30,"088_V_b",41,0.268292682926829,0.639
"088","O","VL","c",0.118,0.317,29,28,"088_O_c",57,0.508771929824561,0.435
"088","V","VL","c",0.453,0.472,21,62,"088_V_c",83,0.253012048192771,0.925
"088","S","VL","c",0.507,0.627,35,83,"088_S_c",118,0.296610169491525,1.134
"088","O","VL","d",0.13,0.279,6,12,"088_O_d",18,0.333333333333333,0.409
"088","V","VL","d",0.267,0.502,27,36,"088_V_d",63,0.428571428571429,0.769
"089","V","VL","a",0.285,0.444,13,11,"089_V_a",24,0.541666666666667,0.729
"089","O","VL","a",0.13,0.237,9,10,"089_O_a",19,0.473684210526316,0.367
"089","S","VL","a",0.137,0.308,18,65,"089_S_a",83,0.216867469879518,0.445
"089","S","VL","b",0.327,0.47,17,26,"089_S_b",43,0.395348837209302,0.797
"089","O","VL","b",0.162,0.312,11,27,"089_O_b",38,0.289473684210526,0.474
"089","V","VL","b",0.179,0.412,17,23,"089_V_b",40,0.425,0.591
"089","S","VL","c",0.024,0.069,4,28,"089_S_c",32,0.125,0.093
"089","O","VL","c",0.204,0.357,18,26,"089_O_c",44,0.409090909090909,0.561
"089","V","VL","c",0.183,0.406,14,22,"089_V_c",36,0.388888888888889,0.589
"089","V","VL","d",0.109,0.142,12,13,"089_V_d",25,0.48,0.251
"089","O","VL","d",0.276,0.375,20,42,"089_O_d",62,0.32258064516129,0.651
"090","V","VL","a",0.102,0.293,7,40,"090_V_a",47,0.148936170212766,0.395
"090","O","VL","a",0.043,0.095,9,10,"090_O_a",19,0.473684210526316,0.138
"090","O","VL","b",0.222,0.346,11,9,"090_O_b",20,0.55,0.568
"090","V","VL","b",0.134,0.345,10,7,"090_V_b",17,0.588235294117647,0.479
"090","S","VL","b",0.17,0.359,9,24,"090_S_b",33,0.272727272727273,0.529
"090","S","VL","c",0.133,0.303,14,23,"090_S_c",37,0.378378378378378,0.436
"090","V","VL","c",0.123,0.212,13,9,"090_V_c",22,0.590909090909091,0.335
"090","O","VL","c",0.128,0.288,7,24,"090_O_c",31,0.225806451612903,0.416
"090","O","VL","d",0.142,0.255,6,1,"090_O_d",7,0.857142857142857,0.397
"090","V","VL","d",0.257,0.3,18,4,"090_V_d",22,0.818181818181818,0.557
"091","S","ON","a",0.171,0.283,6,37,"091_S_a",43,0.13953488372093,0.454
"091","O","ON","a",0.15,0.202,12,17,"091_O_a",29,0.413793103448276,0.352
"091","V","ON","a",0.158,0.276,12,26,"091_V_a",38,0.31578947368421,0.434
"091","V","ON","b",0.077,0.105,13,25,"091_V_b",38,0.342105263157895,0.182
"091","O","ON","b",0.022,0.085,4,24,"091_O_b",28,0.142857142857143,0.107
"091","O","ON","c",0.16,0.201,3,35,"091_O_c",38,0.0789473684210526,0.361
"091","V","ON","c",0.182,0.251,10,12,"091_V_c",22,0.454545454545455,0.433
"091","S","ON","c",0.196,0.312,9,49,"091_S_c",58,0.155172413793103,0.508
"091","V","ON","d",0.14,0.27,12,22,"091_V_d",34,0.352941176470588,0.41
"091","O","ON","d",0.14,0.252,0,10,"091_O_d",10,0,0.392
"092","O","SN","a",0.063,0.131,6,12,"092_O_a",18,0.333333333333333,0.194
"092","S","SN","a",0.382,0.543,15,50,"092_S_a",65,0.230769230769231,0.925
"092","V","SN","a",0.06,0.044,0,15,"092_V_a",15,0,0.104
"092","V","SN","b",0.183,0.236,7,12,"092_V_b",19,0.368421052631579,0.419
"092","O","SN","b",0.041,0.156,7,9,"092_O_b",16,0.4375,0.197
"092","S","SN","b",0.137,0.232,8,24,"092_S_b",32,0.25,0.369
"092","O","SN","c",0.081,0.183,5,6,"092_O_c",11,0.454545454545455,0.264
"092","S","SN","c",0.088,0.196,14,15,"092_S_c",29,0.482758620689655,0.284
"092","V","SN","c",0.243,0.325,10,36,"092_V_c",46,0.217391304347826,0.568
"092","S","SN","d",0.17,0.162,9,17,"092_S_d",26,0.346153846153846,0.332
"092","V","SN","d",0.206,0.296,8,0,"092_V_d",8,1,0.502
"092","O","SN","d",0.264,0.372,9,30,"092_O_d",39,0.230769230769231,0.636
"093","O","SN","a",0.196,0.364,5,6,"093_O_a",11,0.454545454545455,0.56
"093","V","SN","a",0.139,0.235,7,24,"093_V_a",31,0.225806451612903,0.374
"093","S","SN","a",0.198,0.335,4,49,"093_S_a",53,0.0754716981132075,0.533
"093","V","SN","b",0.135,0.244,7,15,"093_V_b",22,0.318181818181818,0.379
"093","O","SN","b",0.105,0.212,11,20,"093_O_b",31,0.354838709677419,0.317
"093","S","SN","b",0.049,0.097,6,11,"093_S_b",17,0.352941176470588,0.146
"093","O","SN","c",0.35,0.371,13,12,"093_O_c",25,0.52,0.721
"093","V","SN","c",0.315,0.398,16,15,"093_V_c",31,0.516129032258065,0.713
"093","S","SN","c",0.354,0.455,11,15,"093_S_c",26,0.423076923076923,0.809
"093","V","SN","d",0,0.394,10,5,"093_V_d",15,0.666666666666667,0.394
"093","S","SN","d",0.323,0.583,16,25,"093_S_d",41,0.390243902439024,0.906
"093","O","SN","d",0.589,0.556,19,33,"093_O_d",52,0.365384615384615,1.145
"094","V","SN","a",0.123,0.218,7,30,"094_V_a",37,0.189189189189189,0.341
"094","S","SN","a",0.264,0.39,27,59,"094_S_a",86,0.313953488372093,0.654
"094","V","SN","b",0.292,0.385,11,21,"094_V_b",32,0.34375,0.677
"094","O","SN","b",0.191,0.263,7,10,"094_O_b",17,0.411764705882353,0.454
"094","S","SN","b",0.208,0.409,11,11,"094_S_b",22,0.5,0.617
"094","S","SN","c",0.36,0.429,23,5,"094_S_c",28,0.821428571428571,0.789
"094","V","SN","c",0.184,0.247,6,30,"094_V_c",36,0.166666666666667,0.431
"094","O","SN","c",0.11,0.17,9,14,"094_O_c",23,0.391304347826087,0.28
"094","O","SN","d",0.156,0.251,7,41,"094_O_d",48,0.145833333333333,0.407
"094","S","SN","d",0.309,0.508,10,28,"094_S_d",38,0.263157894736842,0.817
"094","V","SN","d",0.222,0.366,8,54,"094_V_d",62,0.129032258064516,0.588
"095","S","VL","a",0.286,0.43,10,24,"095_S_a",34,0.294117647058824,0.716
"095","O","VL","a",0.03,0.096,6,31,"095_O_a",37,0.162162162162162,0.126
"095","V","VL","a",0.226,0.306,5,59,"095_V_a",64,0.078125,0.532
"095","O","VL","b",0.023,0.09,0,10,"095_O_b",10,0,0.113
"095","V","VL","b",0.122,0.269,2,20,"095_V_b",22,0.0909090909090909,0.391
"095","S","VL","b",0.333,0.405,23,23,"095_S_b",46,0.5,0.738
"095","S","VL","c",0.328,0.506,22,62,"095_S_c",84,0.261904761904762,0.834
"095","O","VL","c",0.3,0.347,18,21,"095_O_c",39,0.461538461538462,0.647
"095","V","VL","c",0.241,0.245,16,30,"095_V_c",46,0.347826086956522,0.486
"095","O","VL","d",0.186,0.332,63,35,"095_O_d",98,0.642857142857143,0.518
"095","S","VL","d",0.234,0.309,11,48,"095_S_d",59,0.186440677966102,0.543
"095","V","VL","d",0.374,0.47,16,36,"095_V_d",52,0.307692307692308,0.844
"096","V","VL","a",0.046,0.129,11,13,"096_V_a",24,0.458333333333333,0.175
"096","O","VL","a",0.205,0.39,10,23,"096_O_a",33,0.303030303030303,0.595
"096","S","VL","a",0.195,0.263,14,88,"096_S_a",102,0.137254901960784,0.458
"096","V","VL","b",0.072,0.167,17,19,"096_V_b",36,0.472222222222222,0.239
"096","O","VL","b",0.063,0.169,6,35,"096_O_b",41,0.146341463414634,0.232
"096","S","VL","b",0.141,0.381,13,7,"096_S_b",20,0.65,0.522
"096","O","VL","c",0.285,0.452,15,20,"096_O_c",35,0.428571428571429,0.737
"096","V","VL","c",0.223,0.485,21,9,"096_V_c",30,0.7,0.708
"096","S","VL","c",0.264,0.57,39,75,"096_S_c",114,0.342105263157895,0.834
"096","S","VL","d",0.258,0.376,6,36,"096_S_d",42,0.142857142857143,0.634
"096","V","VL","d",0.191,0.33,11,27,"096_V_d",38,0.289473684210526,0.521
"096","O","VL","d",0.139,0.256,13,20,"096_O_d",33,0.393939393939394,0.395
"097","S","ON","a",0.208,0.319,10,31,"097_S_a",41,0.24390243902439,0.527
"097","V","ON","a",0.08,0.139,6,9,"097_V_a",15,0.4,0.219
"097","O","ON","a",0.016,0.072,10,12,"097_O_a",22,0.454545454545455,0.088
"097","O","ON","b",0.033,0.099,4,30,"097_O_b",34,0.117647058823529,0.132
"097","S","ON","b",0.335,0.439,11,65,"097_S_b",76,0.144736842105263,0.774
"097","V","ON","b",0.076,0.119,7,12,"097_V_b",19,0.368421052631579,0.195
"097","S","ON","c",0.254,0.371,21,18,"097_S_c",39,0.538461538461538,0.625
"097","V","ON","c",0.049,0.142,8,15,"097_V_c",23,0.347826086956522,0.191
"097","O","ON","c",0.082,0.079,6,14,"097_O_c",20,0.3,0.161
"097","O","ON","d",0.116,0.307,5,10,"097_O_d",15,0.333333333333333,0.423
"097","V","ON","d",0.085,0.211,12,26,"097_V_d",38,0.31578947368421,0.296
"098","O","ON","a",0.168,0.295,9,38,"098_O_a",47,0.191489361702128,0.463
"098","S","ON","a",0.028,0.098,5,9,"098_S_a",14,0.357142857142857,0.126
"098","V","ON","a",0.047,0.105,2,17,"098_V_a",19,0.105263157894737,0.152
"098","O","ON","b",0.036,0.073,11,16,"098_O_b",27,0.407407407407407,0.109
"098","S","ON","b",0.116,0.171,8,37,"098_S_b",45,0.177777777777778,0.287
"098","V","ON","b",0.053,0.108,5,5,"098_V_b",10,0.5,0.161
"098","V","ON","c",0.069,0.175,6,44,"098_V_c",50,0.12,0.244
"098","O","ON","c",0.002,0.002,0,2,"098_O_c",2,0,0.004
"098","S","ON","c",0.116,0.256,27,55,"098_S_c",82,0.329268292682927,0.372
"098","V","ON","d",0.132,0.249,18,29,"098_V_d",47,0.382978723404255,0.381
"098","O","ON","d",0.12,0.229,10,33,"098_O_d",43,0.232558139534884,0.349
"099","S","ON","a",0.339,0.503,18,26,"099_S_a",44,0.409090909090909,0.842
"099","O","ON","a",0.153,0.333,12,23,"099_O_a",35,0.342857142857143,0.486
"099","V","ON","a",0.146,0.343,10,15,"099_V_a",25,0.4,0.489
"099","V","ON","b",0.008,0.164,8,10,"099_V_b",18,0.444444444444444,0.172
"099","S","ON","b",0.199,0.391,4,47,"099_S_b",51,0.0784313725490196,0.59
"099","O","ON","b",0.236,0.349,20,3,"099_O_b",23,0.869565217391304,0.585
"099","O","ON","c",0.238,0.342,13,33,"099_O_c",46,0.282608695652174,0.58
"099","V","ON","c",0.032,0.157,14,24,"099_V_c",38,0.368421052631579,0.189
"099","O","ON","d",0.118,0.193,7,50,"099_O_d",57,0.12280701754386,0.311
"099","V","ON","d",0.215,0.38,9,16,"099_V_d",25,0.36,0.595
"100","V","ON","a",0.066,0.199,19,42,"100_V_a",61,0.311475409836066,0.265
"100","O","ON","a",0.043,0.075,4,51,"100_O_a",55,0.0727272727272727,0.118
"100","O","ON","b",0.144,0.295,11,29,"100_O_b",40,0.275,0.439
"100","V","ON","b",0.076,0.339,11,24,"100_V_b",35,0.314285714285714,0.415
"100","V","ON","c",0.005,0.025,6,3,"100_V_c",9,0.666666666666667,0.03
"100","S","ON","c",0.299,0.582,21,15,"100_S_c",36,0.583333333333333,0.881
"100","O","ON","c",0.176,0.338,34,89,"100_O_c",123,0.276422764227642,0.514
"100","V","ON","d",0.03,0.056,25,7,"100_V_d",32,0.78125,0.086
"100","O","ON","d",0.131,0.312,4,32,"100_O_d",36,0.111111111111111,0.443
"100","S","ON","d",0.389,0.654,31,41,"100_S_d",72,0.430555555555556,1.043
"101","V","ON","a",0.067,0.174,6,13,"101_V_a",19,0.31578947368421,0.241
"101","O","ON","a",0.098,0.241,17,38,"101_O_a",55,0.309090909090909,0.339
"101","S","ON","a",0.183,0.369,11,31,"101_S_a",42,0.261904761904762,0.552
"101","S","ON","b",0.096,0.135,6,49,"101_S_b",55,0.109090909090909,0.231
"101","O","ON","b",0.151,0.283,3,123,"101_O_b",126,0.0238095238095238,0.434
"101","V","ON","b",0.255,0.382,11,15,"101_V_b",26,0.423076923076923,0.637
"101","V","ON","c",0.17,0.439,4,9,"101_V_c",13,0.307692307692308,0.609
"101","O","ON","c",0.064,0.17,22,30,"101_O_c",52,0.423076923076923,0.234
"101","O","ON","d",0.327,0.399,17,34,"101_O_d",51,0.333333333333333,0.726
"101","V","ON","d",0.09,0.202,5,40,"101_V_d",45,0.111111111111111,0.292
"102","O","ON","a",0.063,0.068,2,71,"102_O_a",73,0.0273972602739726,0.131
"102","S","ON","a",0.193,0.308,13,35,"102_S_a",48,0.270833333333333,0.501
"102","V","ON","a",0.091,0.128,7,34,"102_V_a",41,0.170731707317073,0.219
"102","S","ON","b",0.261,0.471,16,62,"102_S_b",78,0.205128205128205,0.732
"102","V","ON","b",0.241,0.325,6,40,"102_V_b",46,0.130434782608696,0.566
"102","O","ON","b",0.354,0.539,3,77,"102_O_b",80,0.0375,0.893
"102","V","ON","c",0.066,0.212,10,37,"102_V_c",47,0.212765957446809,0.278
"102","O","ON","c",0.257,0.479,17,44,"102_O_c",61,0.278688524590164,0.736
"102","O","ON","d",0.104,0.233,10,11,"102_O_d",21,0.476190476190476,0.337
"102","V","ON","d",0.337,0.376,14,39,"102_V_d",53,0.264150943396226,0.713
"103","S","ON","a",0.557,0.441,17,16,"103_S_a",33,0.515151515151515,0.998
"103","O","ON","a",0.066,0.149,8,6,"103_O_a",14,0.571428571428571,0.215
"103","V","ON","a",0.041,0.08,6,14,"103_V_a",20,0.3,0.121
"103","S","ON","b",0.293,0.454,25,37,"103_S_b",62,0.403225806451613,0.747
"103","V","ON","b",0.008,0.132,4,4,"103_V_b",8,0.5,0.14
"103","O","ON","b",0.127,0.286,4,3,"103_O_b",7,0.571428571428571,0.413
"103","V","ON","c",0.034,0.123,2,23,"103_V_c",25,0.08,0.157
"103","O","ON","c",0.076,0.168,9,14,"103_O_c",23,0.391304347826087,0.244
"103","V","ON","d",0.045,0.093,5,30,"103_V_d",35,0.142857142857143,0.138
"103","O","ON","d",0.345,0.546,16,54,"103_O_d",70,0.228571428571429,0.891
"104","S","ON","a",0.578,0.637,10,44,"104_S_a",54,0.185185185185185,1.215
"104","V","ON","a",0.116,0.265,7,3,"104_V_a",10,0.7,0.381
"104","O","ON","a",0.29,0.399,17,13,"104_O_a",30,0.566666666666667,0.689
"104","O","ON","b",0.31,0.628,18,40,"104_O_b",58,0.310344827586207,0.938
"104","V","ON","b",0.349,0.397,9,13,"104_V_b",22,0.409090909090909,0.746
"104","S","ON","b",0.173,0.489,14,27,"104_S_b",41,0.341463414634146,0.662
"104","S","ON","c",0.121,0.291,4,18,"104_S_c",22,0.181818181818182,0.412
"104","O","ON","c",0.642,0.719,22,10,"104_O_c",32,0.6875,1.361
"104","O","ON","d",0.848,0.604,13,5,"104_O_d",18,0.722222222222222,1.452
"105","V","ON","a",0.242,0.544,8,10,"105_V_a",18,0.444444444444444,0.786
"105","S","ON","a",0.398,0.475,20,72,"105_S_a",92,0.217391304347826,0.873
"105","O","ON","a",0.085,0.191,9,17,"105_O_a",26,0.346153846153846,0.276
"105","O","ON","b",0.179,0.365,11,42,"105_O_b",53,0.207547169811321,0.544
"105","S","ON","b",0.306,0.422,14,19,"105_S_b",33,0.424242424242424,0.728
"105","V","ON","b",0.189,0.436,10,24,"105_V_b",34,0.294117647058824,0.625
"105","O","ON","c",0.227,0.526,19,25,"105_O_c",44,0.431818181818182,0.753
"105","V","ON","c",0.066,0.172,9,4,"105_V_c",13,0.692307692307692,0.238
"105","V","ON","d",0.544,0.67,10,11,"105_V_d",21,0.476190476190476,1.214
"106","S","SN","a",0.259,0.38,12,20,"106_S_a",32,0.375,0.639
"106","O","SN","a",0.149,0.233,6,41,"106_O_a",47,0.127659574468085,0.382
"106","V","SN","a",0.27,0.483,10,13,"106_V_a",23,0.434782608695652,0.753
"106","S","SN","b",0.06,0.129,8,22,"106_S_b",30,0.266666666666667,0.189
"106","V","SN","b",0.123,0.343,19,10,"106_V_b",29,0.655172413793103,0.466
"106","O","SN","b",0.178,0.423,7,30,"106_O_b",37,0.189189189189189,0.601
"106","V","SN","c",0.111,0.236,10,8,"106_V_c",18,0.555555555555556,0.347
"106","S","SN","c",0.189,0.357,18,36,"106_S_c",54,0.333333333333333,0.546
"106","O","SN","c",0.21,0.398,10,33,"106_O_c",43,0.232558139534884,0.608
"106","O","SN","d",0.226,0.445,12,39,"106_O_d",51,0.235294117647059,0.671
"106","V","SN","d",0.269,0.431,21,30,"106_V_d",51,0.411764705882353,0.7
"107","S","SN","a",0.571,0.471,18,20,"107_S_a",38,0.473684210526316,1.042
"107","O","SN","a",0.159,0.239,5,19,"107_O_a",24,0.208333333333333,0.398
"107","V","SN","a",0.121,0.28,8,9,"107_V_a",17,0.470588235294118,0.401
"107","S","SN","b",0.465,0.642,16,21,"107_S_b",37,0.432432432432432,1.107
"107","V","SN","b",0.511,0.586,8,31,"107_V_b",39,0.205128205128205,1.097
"107","O","SN","b",0.094,0.264,9,9,"107_O_b",18,0.5,0.358
"107","O","SN","c",0.311,0.512,18,35,"107_O_c",53,0.339622641509434,0.823
"107","V","SN","c",0.108,0.5,9,1,"107_V_c",10,0.9,0.608
"107","V","SN","d",0.206,0.289,13,10,"107_V_d",23,0.565217391304348,0.495
"107","O","SN","d",0.587,0.403,11,16,"107_O_d",27,0.407407407407407,0.99
"108","S","SN","a",0.218,0.324,23,35,"108_S_a",58,0.396551724137931,0.542
"108","V","SN","a",0.201,0.267,12,12,"108_V_a",24,0.5,0.468
"108","O","SN","a",0.283,0.471,17,16,"108_O_a",33,0.515151515151515,0.754
"108","O","SN","b",0.062,0.093,12,7,"108_O_b",19,0.631578947368421,0.155
"108","V","SN","b",0.035,0.066,9,9,"108_V_b",18,0.5,0.101
"108","O","SN","c",0.493,0.433,18,10,"108_O_c",28,0.642857142857143,0.926
"108","V","SN","c",0.241,0.275,14,33,"108_V_c",47,0.297872340425532,0.516
"108","V","SN","d",0.162,0.266,5,11,"108_V_d",16,0.3125,0.428
"108","S","SN","d",0.319,0.292,15,3,"108_S_d",18,0.833333333333333,0.611
"108","O","SN","d",0.403,0.543,27,24,"108_O_d",51,0.529411764705882,0.946
"109","O","SN","a",0.11,0.161,5,15,"109_O_a",20,0.25,0.271
"109","S","SN","a",0.029,0.139,5,7,"109_S_a",12,0.416666666666667,0.168
"109","V","SN","a",0.035,0.083,3,26,"109_V_a",29,0.103448275862069,0.118
"109","S","SN","b",0.076,0.189,18,53,"109_S_b",71,0.253521126760563,0.265
"109","V","SN","b",0.122,0.219,7,31,"109_V_b",38,0.184210526315789,0.341
"109","O","SN","b",0.022,0.071,6,8,"109_O_b",14,0.428571428571429,0.093
"109","O","SN","c",0.277,0.49,5,13,"109_O_c",18,0.277777777777778,0.767
"109","V","SN","c",0.17,0.323,9,9,"109_V_c",18,0.5,0.493
"109","O","SN","d",0.022,0.03,2,24,"109_O_d",26,0.0769230769230769,0.052
"109","V","SN","d",0.316,0.42,17,37,"109_V_d",54,0.314814814814815,0.736
"110","O","SN","a",0,0.008,1,0,"110_O_a",1,1,0.008
"110","S","SN","a",0.454,0.492,9,20,"110_S_a",29,0.310344827586207,0.946
"110","V","SN","a",0.027,0.063,6,8,"110_V_a",14,0.428571428571429,0.09
"110","S","SN","b",0.07,0.131,5,44,"110_S_b",49,0.102040816326531,0.201
"110","V","SN","b",0.067,0.243,2,32,"110_V_b",34,0.0588235294117647,0.31
"110","O","SN","c",0.134,0.174,5,35,"110_O_c",40,0.125,0.308
"110","V","SN","c",0.21,0.447,15,25,"110_V_c",40,0.375,0.657
"110","V","SN","d",0.044,0.095,9,19,"110_V_d",28,0.321428571428571,0.139
"110","O","SN","d",0.002,0.001,0,4,"110_O_d",4,0,0.003
"111","V","SN","a",0.061,0.187,5,23,"111_V_a",28,0.178571428571429,0.248
"111","O","SN","a",0.148,0.229,13,18,"111_O_a",31,0.419354838709677,0.377
"111","S","SN","a",0.69,0.731,35,31,"111_S_a",66,0.53030303030303,1.421
"111","O","SN","b",0.06,0.119,3,3,"111_O_b",6,0.5,0.179
"111","V","SN","b",0.521,0.629,21,28,"111_V_b",49,0.428571428571429,1.15
"111","S","SN","b",0.37,0.596,16,10,"111_S_b",26,0.615384615384615,0.966
"111","V","SN","c",0.12,0.417,14,6,"111_V_c",20,0.7,0.537
"111","O","SN","c",0.138,0.272,19,16,"111_O_c",35,0.542857142857143,0.41
"111","O","SN","d",0.145,0.381,12,10,"111_O_d",22,0.545454545454545,0.526
"111","V","SN","d",0.261,0.44,10,25,"111_V_d",35,0.285714285714286,0.701
"112","V","SN","a",0.124,0.294,14,10,"112_V_a",24,0.583333333333333,0.418
"112","O","SN","a",0.236,0.237,6,23,"112_O_a",29,0.206896551724138,0.473
"112","S","SN","a",0.312,0.319,33,12,"112_S_a",45,0.733333333333333,0.631
"112","S","SN","b",0.213,0.375,11,34,"112_S_b",45,0.244444444444444,0.588
"112","V","SN","b",0.289,0.492,14,7,"112_V_b",21,0.666666666666667,0.781
"112","O","SN","b",0.118,0.357,19,6,"112_O_b",25,0.76,0.475
"112","O","SN","c",0.306,0.276,8,3,"112_O_c",11,0.727272727272727,0.582
"112","V","SN","c",0.322,0.474,29,14,"112_V_c",43,0.674418604651163,0.796
"112","S","SN","c",0.168,0.364,19,50,"112_S_c",69,0.27536231884058,0.532
"112","S","SN","d",0.297,0.345,11,26,"112_S_d",37,0.297297297297297,0.642
"112","O","SN","d",0.185,0.439,14,17,"112_O_d",31,0.451612903225806,0.624
"113","V","SN","a",0.024,0.111,6,30,"113_V_a",36,0.166666666666667,0.135
"113","O","SN","a",0.163,0.237,16,82,"113_O_a",98,0.163265306122449,0.4
"113","O","SN","b",0.093,0.164,7,23,"113_O_b",30,0.233333333333333,0.257
"113","S","SN","b",0.002,0.063,3,23,"113_S_b",26,0.115384615384615,0.065
"113","V","SN","b",0.035,0.082,2,7,"113_V_b",9,0.222222222222222,0.117
"113","S","SN","c",0.239,0.376,17,35,"113_S_c",52,0.326923076923077,0.615
"113","O","SN","c",0.071,0.082,2,52,"113_O_c",54,0.037037037037037,0.153
"113","V","SN","c",0.21,0.48,25,34,"113_V_c",59,0.423728813559322,0.69
"113","V","SN","d",0.102,0.156,12,36,"113_V_d",48,0.25,0.258
"113","O","SN","d",0.025,0.03,0,44,"113_O_d",44,0,0.055
"113","S","SN","d",0.054,0.112,8,18,"113_S_d",26,0.307692307692308,0.166
"114","O","SN","a",0.358,0.521,14,56,"114_O_a",70,0.2,0.879
"114","S","SN","a",0.28,0.425,27,76,"114_S_a",103,0.262135922330097,0.705
"114","V","SN","a",0.048,0.168,6,12,"114_V_a",18,0.333333333333333,0.216
"114","O","SN","b",0.123,0.212,8,29,"114_O_b",37,0.216216216216216,0.335
"114","V","SN","b",0.187,0.356,14,16,"114_V_b",30,0.466666666666667,0.543
"114","S","SN","b",0.002,0.016,1,14,"114_S_b",15,0.0666666666666667,0.018
"114","S","SN","c",0.323,0.459,33,71,"114_S_c",104,0.317307692307692,0.782
"114","V","SN","c",0.145,0.279,15,64,"114_V_c",79,0.189873417721519,0.424
"114","O","SN","c",0.117,0.23,9,24,"114_O_c",33,0.272727272727273,0.347
"114","O","SN","d",0.153,0.202,8,21,"114_O_d",29,0.275862068965517,0.355
"114","V","SN","d",0.192,0.328,21,45,"114_V_d",66,0.318181818181818,0.52
"114","S","SN","d",0.136,0.203,5,52,"114_S_d",57,0.087719298245614,0.339
"115","V","VL","a",0.008,0.069,3,16,"115_V_a",19,0.157894736842105,0.077
"115","O","VL","a",0.181,0.322,16,18,"115_O_a",34,0.470588235294118,0.503
"115","V","VL","b",0.131,0.238,6,16,"115_V_b",22,0.272727272727273,0.369
"115","O","VL","b",0.138,0.386,10,44,"115_O_b",54,0.185185185185185,0.524
"115","V","VL","c",0.052,0.126,3,15,"115_V_c",18,0.166666666666667,0.178
"115","O","VL","c",0.378,0.61,21,31,"115_O_c",52,0.403846153846154,0.988
"115","S","VL","c",0.376,0.617,21,12,"115_S_c",33,0.636363636363636,0.993
"115","V","VL","d",0.433,0.574,39,12,"115_V_d",51,0.764705882352941,1.007
"115","S","VL","d",0.065,0.128,5,86,"115_S_d",91,0.0549450549450549,0.193
"115","O","VL","d",0.223,0.37,10,23,"115_O_d",33,0.303030303030303,0.593
"116","S","VL","a",0.294,0.424,7,99,"116_S_a",106,0.0660377358490566,0.718
"116","V","VL","a",0.289,0.392,8,14,"116_V_a",22,0.363636363636364,0.681
"116","O","VL","a",0.12,0.145,10,34,"116_O_a",44,0.227272727272727,0.265
"116","O","VL","b",0.044,0.108,6,34,"116_O_b",40,0.15,0.152
"116","S","VL","b",0.189,0.316,9,11,"116_S_b",20,0.45,0.505
"116","V","VL","b",0.12,0.345,13,6,"116_V_b",19,0.68421052631579,0.465
"116","O","VL","c",0.177,0.415,14,55,"116_O_c",69,0.202898550724638,0.592
"116","V","VL","c",0.346,0.667,15,24,"116_V_c",39,0.384615384615385,1.013
"116","S","VL","c",0.412,0.673,32,58,"116_S_c",90,0.355555555555556,1.085
"116","O","VL","d",0.467,0.383,14,23,"116_O_d",37,0.378378378378378,0.85
"116","V","VL","d",0.534,0.567,19,12,"116_V_d",31,0.612903225806452,1.101
"117","V","VL","a",0.229,0.411,10,17,"117_V_a",27,0.37037037037037,0.64
"117","O","VL","a",0.194,0.502,12,6,"117_O_a",18,0.666666666666667,0.696
"117","S","VL","a",0.42,0.721,18,43,"117_S_a",61,0.295081967213115,1.141
"117","S","VL","b",0.426,0.567,13,6,"117_S_b",19,0.68421052631579,0.993
"117","V","VL","b",0.18,0.426,13,15,"117_V_b",28,0.464285714285714,0.606
"117","O","VL","b",0.278,0.555,24,17,"117_O_b",41,0.585365853658537,0.833
"117","O","VL","c",0.365,0.526,17,18,"117_O_c",35,0.485714285714286,0.891
"117","V","VL","c",0.189,0.343,12,12,"117_V_c",24,0.5,0.532
"117","V","VL","d",0.068,0.234,2,9,"117_V_d",11,0.181818181818182,0.302
"117","O","VL","d",0.334,0.43,18,11,"117_O_d",29,0.620689655172414,0.764
"117","S","VL","d",0.207,0.343,8,25,"117_S_d",33,0.242424242424242,0.55
"118","S","VL","a",0.002,0.004,0,54,"118_S_a",54,0,0.006
"118","O","VL","a",0.003,0.003,1,29,"118_O_a",30,0.0333333333333333,0.006
"118","V","VL","a",0.032,0.004,0,30,"118_V_a",30,0,0.036
"118","V","VL","b",0.002,0.018,1,44,"118_V_b",45,0.0222222222222222,0.02
"118","O","VL","b",0.002,0.004,0,12,"118_O_b",12,0,0.006
"118","S","VL","b",0.006,0.006,0,75,"118_S_b",75,0,0.012
"118","V","VL","c",0,0.006,0,10,"118_V_c",10,0,0.006
"118","O","VL","c",0.007,0.013,0,52,"118_O_c",52,0,0.02
"118","S","VL","c",0.009,0.001,0,115,"118_S_c",115,0,0.01
"118","V","VL","d",0.008,0.003,2,38,"118_V_d",40,0.05,0.011
"118","O","VL","d",0.001,0.001,0,14,"118_O_d",14,0,0.002
"119","V","VL","a",0.196,0.349,8,14,"119_V_a",22,0.363636363636364,0.545
"119","S","VL","a",0.526,0.512,26,21,"119_S_a",47,0.553191489361702,1.038
"119","O","VL","a",0.408,0.538,21,6,"119_O_a",27,0.777777777777778,0.946
"119","O","VL","b",0.265,0.312,6,5,"119_O_b",11,0.545454545454545,0.577
"119","S","VL","b",0.093,0.299,14,12,"119_S_b",26,0.538461538461538,0.392
"119","V","VL","b",0.29,0.573,13,14,"119_V_b",27,0.481481481481481,0.863
"119","O","VL","c",0.388,0.649,15,21,"119_O_c",36,0.416666666666667,1.037
"119","V","VL","c",0.438,0.564,14,22,"119_V_c",36,0.388888888888889,1.002
"119","S","VL","c",0.545,0.654,56,179,"119_S_c",235,0.238297872340426,1.199
"119","V","VL","d",0.199,0.528,22,7,"119_V_d",29,0.758620689655172,0.727
"119","O","VL","d",0.148,0.202,6,20,"119_O_d",26,0.230769230769231,0.35
"120","O","VL","a",0.185,0.214,4,4,"120_O_a",8,0.5,0.399
"120","S","VL","a",0.457,0.613,20,12,"120_S_a",32,0.625,1.07
"120","V","VL","b",0.099,0.24,9,11,"120_V_b",20,0.45,0.339
"120","S","VL","b",0.007,0.046,2,13,"120_S_b",15,0.133333333333333,0.053
"120","O","VL","b",0.108,0.235,21,33,"120_O_b",54,0.388888888888889,0.343
"120","O","VL","c",0.284,0.385,23,86,"120_O_c",109,0.211009174311927,0.669
"120","V","VL","c",0.157,0.263,15,8,"120_V_c",23,0.652173913043478,0.42
"120","V","VL","d",0.206,0.483,16,23,"120_V_d",39,0.41025641025641,0.689
"120","O","VL","d",0.41,0.532,23,14,"120_O_d",37,0.621621621621622,0.942
"120","S","VL","d",0.455,0.502,9,33,"120_S_d",42,0.214285714285714,0.957
"121","O","VL","a",0.062,0.194,8,3,"121_O_a",11,0.727272727272727,0.256
"121","V","VL","a",0,0.004,0,3,"121_V_a",3,0,0.004
"121","S","VL","b",0.002,0.013,1,3,"121_S_b",4,0.25,0.015
"121","V","VL","b",0.001,0.007,1,12,"121_V_b",13,0.0769230769230769,0.008
"121","O","VL","c",0.071,0.245,2,2,"121_O_c",4,0.5,0.316
"121","S","VL","c",0.004,0.023,2,1,"121_S_c",3,0.666666666666667,0.027
"121","O","VL","d",0.183,0.327,10,12,"121_O_d",22,0.454545454545455,0.51
"121","V","VL","d",0.051,0.089,3,6,"121_V_d",9,0.333333333333333,0.14
"121","S","VL","d",0.373,0.502,5,0,"121_S_d",5,1,0.875
"122","S","VL","a",0.174,0.283,10,82,"122_S_a",92,0.108695652173913,0.457
"122","V","VL","a",0.193,0.378,21,43,"122_V_a",64,0.328125,0.571
"122","O","VL","a",0.11,0.181,9,58,"122_O_a",67,0.134328358208955,0.291
"122","V","VL","b",0.109,0.308,7,75,"122_V_b",82,0.0853658536585366,0.417
"122","S","VL","b",0.256,0.528,18,50,"122_S_b",68,0.264705882352941,0.784
"122","O","VL","b",0.067,0.139,2,18,"122_O_b",20,0.1,0.206
"122","O","VL","c",0.162,0.436,21,17,"122_O_c",38,0.552631578947368,0.598
"122","V","VL","c",0.166,0.37,6,27,"122_V_c",33,0.181818181818182,0.536
"122","O","VL","d",0.131,0.272,24,46,"122_O_d",70,0.342857142857143,0.403
"122","V","VL","d",0.274,0.595,19,20,"122_V_d",39,0.487179487179487,0.869
"123","V","VL","a",0.082,0.221,10,43,"123_V_a",53,0.188679245283019,0.303
"123","O","VL","a",0.122,0.184,10,41,"123_O_a",51,0.196078431372549,0.306
"123","S","VL","a",0.005,0.015,6,49,"123_S_a",55,0.109090909090909,0.02
"123","V","VL","b",0.05,0.096,2,26,"123_V_b",28,0.0714285714285714,0.146
"123","O","VL","b",0.087,0.162,11,7,"123_O_b",18,0.611111111111111,0.249
"123","S","VL","b",0.024,0.054,1,26,"123_S_b",27,0.037037037037037,0.078
"123","V","VL","c",0.036,0.09,1,58,"123_V_c",59,0.0169491525423729,0.126
"123","S","VL","c",0.069,0.143,3,100,"123_S_c",103,0.029126213592233,0.212
"123","O","VL","c",0.098,0.172,16,8,"123_O_c",24,0.666666666666667,0.27
"123","O","VL","d",0.356,0.481,19,59,"123_O_d",78,0.243589743589744,0.837
"123","V","VL","d",0.167,0.399,7,23,"123_V_d",30,0.233333333333333,0.566
